name,serving_size,calories(kcal),total_fat,saturated_fat,cholesterol,sodium,protein,carbohydrate,fiber,sugars,vegan,vegetarian,gluten_free,keto
"Eggplant, raw",100,25,0.2,0.0,0,0,0.98,5.88,3.0,3.53,No,Yes,Yes,Yes
"Cauliflower, raw",100,25,0.3,0.1,0,0,1.92,4.97,2.0,1.91,Yes,Yes,Yes,Yes
"Taro leaves, raw",100,42,0.7,0.2,0,0,4.98,6.7,3.7,3.01,Yes,Yes,Yes,Yes
"Lamb, raw, ground",100,282,23.0,10.0,73,0,16.56,0.0,0.0,0.0,No,No,Yes,Yes
"Goji berries, dried",100,349,0.4,0.0,0,0,14.26,77.06,13.0,45.61,Yes,Yes,Yes,No
"Quail, raw, meat only",100,134,4.5,1.3,70,0,21.76,0.0,0.0,0.0,No,No,Yes,Yes
"Peppers, raw, jalapeno",100,29,0.4,0.1,0,0,0.91,6.5,2.8,4.12,Yes,Yes,Yes,Yes
"Winged bean tuber, raw",100,148,0.9,0.2,0,0,11.6,28.1,0.0,0.0,Yes,Yes,Yes,No
"Grapes, raw, muscadine",100,57,0.5,0.0,0,0,0.81,13.93,3.9,0.0,Yes,Yes,Yes,No
"Nuts, raw, ginkgo nuts",100,182,1.7,0.3,0,0,4.32,37.6,0.0,0.0,Yes,Yes,Yes,No
"Ostrich, raw, top loin",100,119,3.0,1.2,75,0,21.67,0.0,0.0,0.0,No,No,Yes,Yes
"Nuts, dried, pine nuts",100,673,68.0,4.9,0,0,13.69,13.08,3.7,3.59,Yes,Yes,Yes,No
"Broccoli, raw, chinese",100,30,0.8,0.1,0,0,1.2,4.67,2.6,0.88,Yes,Yes,Yes,Yes
"Agave, raw (Southwest)",100,68,0.2,0.0,0,0,0.52,16.23,6.6,2.58,Yes,Yes,Yes,No
"Emu, raw, outside drum",100,103,0.5,0.1,78,0,23.08,0.0,0.0,0.0,Yes,Yes,Yes,Yes
"Nuts, dried, beechnuts",100,576,50.0,5.7,0,0,6.2,33.5,0.0,0.0,Yes,Yes,Yes,No
"Currants, dried, zante",100,283,0.3,0.0,0,0,4.08,74.08,6.8,67.28,Yes,Yes,Yes,No
"Lentils, raw, sprouted",100,106,0.6,0.1,0,0,8.96,22.14,0.0,0.0,Yes,Yes,Yes,No
"Fish, raw, sheepshead",100,108,2.4,0.6,50,0,20.21,0.0,0.0,0.0,No,No,Yes,Yes
"Brussels sprouts, raw",100,43,0.3,0.1,0,0,3.38,8.95,3.8,2.2,Yes,Yes,Yes,Yes
"Chicory, raw, witloof",100,17,0.1,0.0,0,0,0.9,4.0,3.1,0.0,Yes,Yes,Yes,Yes
"Broccoli, raw, leaves",100,28,0.4,0.1,0,0,2.98,5.06,2.3,1.48,Yes,Yes,Yes,Yes
"Tomatoes, raw, orange",100,16,0.2,0.0,0,0,1.16,3.18,0.9,0.0,Yes,Yes,Yes,Yes
"Tomatoes, raw, yellow",100,15,0.3,0.0,0,0,0.98,2.98,0.7,0.0,Yes,Yes,Yes,Yes
"Egg, fresh, raw, yolk",100,322,27.0,9.6,1085,0,15.86,3.59,0.0,0.56,No,Yes,Yes,Yes
"Fireweed, raw, leaves",100,103,2.8,0.0,0,0,4.71,19.22,10.6,0.0,Yes,Yes,Yes,No
"Emu, raw, flat fillet",100,102,0.7,0.2,71,0,22.25,0.0,0.0,0.0,Yes,Yes,Yes,Yes
"Emu, raw, inside drum",100,108,1.5,0.4,67,0,22.22,0.0,0.0,0.0,Yes,Yes,Yes,Yes
"Game meat, raw, horse",100,133,4.6,1.4,52,0,21.39,0.0,0.0,0.0,No,No,Yes,Yes
"Broccoli, raw, stalks",100,28,0.4,0.1,0,0,2.98,5.24,0.0,0.0,Yes,Yes,Yes,Yes
"Mushrooms, raw, enoki",100,37,0.3,0.0,0,0,2.66,7.81,2.7,0.22,Yes,Yes,Yes,Yes
"Crackers, whole-wheat",100,427,14.0,2.1,0,0,10.58,69.55,10.3,1.19,Yes,Yes,No,No
"Peanuts, raw, spanish",100,570,50.0,7.1,0,0,26.15,15.83,9.5,0.0,Yes,Yes,Yes,No
"Game meat, raw, moose",100,102,0.7,0.2,59,0,22.24,0.0,0.0,0.0,No,No,Yes,Yes
"Pears, red anjou, raw",100,62,0.1,0.0,0,0,0.33,14.94,3.0,9.54,Yes,Yes,Yes,No
"Fish, raw, butterfish",100,146,8.0,3.4,65,0,17.28,0.0,0.0,0.0,No,No,Yes,Yes
"Peppers, raw, serrano",100,32,0.4,0.1,0,0,1.74,6.7,3.7,3.83,Yes,Yes,Yes,Yes
"Peppers, dried, ancho",100,281,8.2,0.8,0,0,11.86,51.42,21.6,0.0,Yes,Yes,Yes,No
"Parsley, freeze-dried",100,271,5.2,0.0,0,0,31.3,42.38,32.7,0.0,Yes,Yes,Yes,No
"Yambean (jicama), raw",100,38,0.1,0.0,0,0,0.72,8.82,4.9,1.8,Yes,Yes,Yes,Yes
"Nuts, dried, pilinuts",100,719,80.0,31.0,0,0,10.8,3.98,0.0,0.0,Yes,Yes,Yes,Yes
"Kiwifruit, raw, green",100,61,0.5,0.0,0,0,1.14,14.66,3.0,8.99,Yes,Yes,Yes,No
"Drumstick leaves, raw",100,64,1.4,0.0,0,0,9.4,8.28,2.0,0.0,Yes,Yes,Yes,Yes
"Yautia (tannier), raw",100,98,0.4,0.1,0,0,1.46,23.63,1.5,0.0,Yes,Yes,Yes,No
"Cucumber, raw, peeled",100,12,0.2,0.0,0,0,0.59,2.16,0.7,1.38,Yes,Yes,Yes,Yes
"Dandelion greens, raw",100,45,0.7,0.2,0,0,2.7,9.2,3.5,0.71,Yes,Yes,Yes,Yes
"Melons, raw, honeydew",100,36,0.1,0.0,0,0,0.54,9.09,0.8,8.12,Yes,Yes,Yes,Yes
"Mushrooms, raw, white",100,22,0.3,0.1,0,0,3.09,3.26,1.0,1.98,Yes,Yes,Yes,Yes
"Mushrooms, raw, morel",100,31,0.6,0.1,0,0,3.12,5.1,2.8,0.6,Yes,Yes,Yes,Yes
"Oranges, Florida, raw",100,46,0.2,0.0,0,0,0.7,11.54,2.4,9.14,Yes,Yes,Yes,No
"Fiddlehead ferns, raw",100,34,0.4,0.0,0,0,4.55,5.54,0.0,0.0,Yes,Yes,Yes,Yes
"Tomatoes, raw, green",100,23,0.2,0.0,0,0,1.2,5.1,1.1,4.0,Yes,Yes,Yes,Yes
"Mollusks, raw, snail",100,90,1.4,0.4,50,0,16.1,2.0,0.0,0.0,Yes,Yes,Yes,Yes
"Emu, raw, fan fillet",100,103,0.8,0.2,71,0,22.5,0.0,0.0,0.0,Yes,Yes,Yes,Yes
"Spices, dried, thyme",100,276,7.4,2.7,0,0,9.11,63.94,37.0,1.71,Yes,Yes,Yes,No
"Corn, dried (Navajo)",100,386,5.2,0.8,0,0,9.88,74.93,0.0,5.38,Yes,Yes,Yes,No
"Spices, caraway seed",100,333,15.0,0.6,0,0,19.77,49.9,38.0,0.64,Yes,Yes,Yes,No
"Spices, dried, basil",100,233,4.1,2.2,0,0,22.98,47.75,37.7,1.71,Yes,Yes,Yes,No
"Chives, freeze-dried",100,311,3.5,0.6,0,0,21.2,64.29,26.2,0.0,Yes,Yes,Yes,No
"Fish, raw, sablefish",100,195,15.0,3.2,49,0,13.41,0.0,0.0,0.0,No,No,Yes,Yes
"Sesbania flower, raw",100,27,0.0,0.0,0,0,1.28,6.73,0.0,0.0,Yes,Yes,Yes,Yes
"Cherries, raw, sweet",100,63,0.2,0.0,0,0,1.06,16.01,2.1,12.82,Yes,Yes,Yes,No
"Ostrich, raw, ground",100,165,8.7,2.2,71,0,20.22,0.0,0.0,0.0,No,No,Yes,Yes
"Peaches, raw, yellow",100,39,0.3,0.0,0,0,0.91,9.54,1.5,8.39,Yes,Yes,Yes,Yes
"Chicken, raw, ground",100,143,8.1,2.3,86,0,17.44,0.04,0.0,0.0,No,No,Yes,Yes
"Pears, bartlett, raw",100,63,0.2,0.0,0,0,0.39,15.01,3.1,9.69,Yes,Yes,Yes,No
"Toppings, strawberry",100,254,0.1,0.0,0,0,0.2,66.3,0.7,27.38,Yes,Yes,Yes,No
"Seaweed, raw, wakame",100,45,0.6,0.1,0,0,3.03,9.14,0.5,0.65,Yes,Yes,Yes,Yes
"Seaweed, dried, agar",100,306,0.3,0.1,0,0,6.21,80.88,7.7,2.97,Yes,Yes,Yes,No
"Amaranth leaves, raw",100,23,0.3,0.1,0,0,2.46,4.02,0.0,0.0,Yes,Yes,Yes,Yes
"Barley, raw, pearled",100,352,1.2,0.2,0,0,9.91,77.72,15.6,0.8,Yes,Yes,No,No
"Ostrich, raw, oyster",100,125,3.7,1.2,73,0,21.55,0.0,0.0,0.0,No,No,Yes,Yes
"Pumpkin flowers, raw",100,15,0.1,0.0,0,0,1.03,3.28,0.0,0.0,Yes,Yes,Yes,Yes
"Celery flakes, dried",100,319,2.1,0.6,0,0,11.3,63.7,27.8,35.9,Yes,Yes,Yes,No
"Tangerine juice, raw",100,43,0.2,0.0,0,0,0.5,10.1,0.2,9.9,Yes,Yes,Yes,No
"Soybeans, raw, green",100,147,6.8,0.8,0,0,12.95,11.05,4.2,0.0,Yes,Yes,Yes,No
"Game meat, raw, bear",100,161,8.3,0.0,0,0,20.1,0.0,0.0,0.0,No,No,Yes,Yes
"Game meat, raw, deer",100,120,2.4,1.0,85,0,22.96,0.0,0.0,0.0,No,No,Yes,Yes
"Oranges, navels, raw",100,49,0.2,0.0,0,0,0.91,12.54,2.2,8.5,Yes,Yes,Yes,No
"Fish, raw, swordfish",100,144,6.7,1.6,66,0,19.66,0.0,0.0,0.0,No,No,Yes,Yes
"Taro, raw, tahitian",100,44,1.0,0.2,0,0,2.79,6.91,0.0,0.0,Yes,Yes,Yes,Yes
"Chicory greens, raw",100,23,0.3,0.1,0,0,1.7,4.7,4.0,0.7,Yes,Yes,Yes,Yes
"Hearts of palm, raw",100,115,0.2,0.0,0,0,2.7,25.61,1.5,17.16,Yes,Yes,Yes,No
"Chayote, raw, fruit",100,19,0.1,0.0,0,0,0.82,4.51,1.7,1.66,Yes,Yes,Yes,Yes
"Fish, raw, milkfish",100,148,6.7,1.7,52,0,20.53,0.0,0.0,0.0,No,No,Yes,Yes
"Fish, raw, monkfish",100,76,1.5,0.3,25,0,14.48,0.0,0.0,0.0,No,No,Yes,Yes
"Guavas, raw, common",100,68,1.0,0.3,0,0,2.55,14.32,5.4,8.92,Yes,Yes,Yes,No
"Emu, raw, full rump",100,112,1.6,0.4,85,0,22.83,0.0,0.0,0.0,Yes,Yes,Yes,Yes
"Mustard greens, raw",100,27,0.4,0.0,0,0,2.86,4.67,3.2,1.32,Yes,Yes,Yes,Yes
"Seaweed, raw, laver",100,35,0.3,0.1,0,0,5.81,5.11,0.3,0.49,Yes,Yes,Yes,Yes
"Figs, stewed, dried",100,107,0.4,0.1,0,0,1.42,27.57,4.2,23.35,Yes,Yes,Yes,No
"Game meat, raw, elk",100,111,1.5,0.5,55,0,22.95,0.0,0.0,0.0,No,No,Yes,Yes
"Ostrich, raw, round",100,116,2.4,0.8,71,0,21.99,0.0,0.0,0.0,No,No,Yes,Yes
"Fish, raw, mahimahi",100,85,0.7,0.2,73,0,18.5,0.0,0.0,0.0,No,No,Yes,Yes
"Fish, raw, bluefish",100,124,4.2,0.9,59,0,20.04,0.0,0.0,0.0,No,No,Yes,Yes
"Potatoes, skin, raw",100,58,0.1,0.0,0,0,2.57,12.44,2.5,0.0,Yes,Yes,Yes,No
"Pepper, raw, banana",100,27,0.5,0.0,0,0,1.66,5.35,3.4,1.95,Yes,Yes,Yes,No
"Drumstick pods, raw",100,37,0.2,0.0,0,0,2.1,8.53,3.2,0.0,Yes,Yes,Yes,Yes
"Tomatoes, sun-dried",100,258,3.0,0.4,0,0,14.11,55.76,12.3,37.59,Yes,Yes,Yes,No
"Pumpkin leaves, raw",100,19,0.4,0.2,0,0,3.15,2.33,0.0,0.0,Yes,Yes,Yes,Yes
"Melons, raw, casaba",100,28,0.1,0.0,0,0,1.11,6.58,0.9,5.69,Yes,Yes,Yes,Yes
"Nuts, dried, acorns",100,509,31.0,4.1,0,0,8.1,53.66,0.0,0.0,Yes,Yes,Yes,No
"Fish, raw, tilefish",100,96,2.3,0.4,50,0,17.5,0.0,0.0,0.0,No,No,Yes,Yes
"Cabbage, raw, savoy",100,27,0.1,0.0,0,0,2.0,6.1,3.1,2.27,Yes,Yes,Yes,Yes
"Fish, raw, tilapia",100,96,1.7,0.6,50,0,20.08,0.0,0.0,0.0,No,No,Yes,Yes
"Broccoli raab, raw",100,22,0.5,0.1,0,0,3.17,2.85,2.7,0.38,Yes,Yes,Yes,Yes
"Turtle, raw, green",100,89,0.5,0.1,50,0,19.8,0.0,0.0,0.0,Yes,Yes,Yes,Yes
"Chicory roots, raw",100,72,0.2,0.0,0,0,1.4,17.51,1.5,8.73,Yes,Yes,Yes,No
"Prickly pears, raw",100,41,0.5,0.1,0,0,0.73,9.57,3.6,0.0,Yes,Yes,Yes,Yes
"Fish, raw, haddock",100,74,0.5,0.1,54,0,16.32,0.0,0.0,0.0,No,No,Yes,Yes
"Ground turkey, raw",100,148,7.7,2.0,69,0,19.66,0.0,0.0,0.0,No,No,Yes,Yes
"Carrots, raw, baby",100,35,0.1,0.0,0,0,0.64,8.24,2.9,4.76,Yes,Yes,Yes,Yes
"Acerola juice, raw",100,23,0.3,0.1,0,0,0.4,4.8,0.3,4.5,Yes,Yes,Yes,Yes
"Jute, raw, potherb",100,34,0.3,0.0,0,0,4.65,5.8,0.0,0.0,Yes,Yes,Yes,Yes
"Beef, dried, cured",100,153,1.9,1.0,79,0,31.1,2.76,0.0,2.7,No,No,Yes,Yes
"Seaweed, raw, kelp",100,43,0.6,0.2,0,0,1.68,9.57,1.3,0.6,Yes,Yes,Yes,Yes
"Seaweed, raw, agar",100,26,0.0,0.0,0,0,0.54,6.75,0.5,0.28,Yes,Yes,Yes,Yes
"Onions, raw, sweet",100,32,0.1,0.0,0,0,0.8,7.55,0.9,5.02,Yes,Yes,Yes,Yes
"Onions, raw, welsh",100,34,0.4,0.1,0,0,1.9,6.5,2.4,2.18,Yes,Yes,Yes,Yes
"Sapote, raw, mamey",100,124,0.5,0.2,0,0,1.45,32.1,5.4,20.14,Yes,Yes,Yes,No
"Bamboo shoots, raw",100,27,0.3,0.1,0,0,2.6,5.2,2.2,3.0,Yes,Yes,Yes,Yes
"Fish, raw, lingcod",100,85,1.1,0.2,52,0,17.66,0.0,0.0,0.0,No,No,Yes,Yes
"Whey, dried, sweet",100,353,1.1,0.7,6,0,12.93,74.46,0.0,74.46,Yes,Yes,Yes,No
"Yardlong bean, raw",100,47,0.4,0.1,0,0,2.8,8.35,0.0,0.0,Yes,Yes,Yes,Yes
"Cress, raw, garden",100,32,0.7,0.0,0,0,2.6,5.5,1.1,4.4,Yes,Yes,Yes,Yes
"Lambsquarters, raw",100,43,0.8,0.1,0,0,4.2,7.3,4.0,0.0,No,No,Yes,Yes
"Turnip greens, raw",100,32,0.3,0.1,0,0,1.5,7.13,3.2,0.81,Yes,Yes,Yes,Yes
"Pomegranates, raw",100,83,1.2,0.1,0,0,1.67,18.7,4.0,13.67,Yes,Yes,Yes,No
"Pears, raw, asian",100,42,0.2,0.0,0,0,0.5,10.65,3.6,7.05,Yes,Yes,Yes,No
"Chard, raw, swiss",100,19,0.2,0.0,0,0,1.8,3.74,1.6,1.1,Yes,Yes,Yes,Yes
"Goose, raw, liver",100,133,4.3,1.6,515,0,16.37,6.32,0.0,0.0,Yes,Yes,Yes,Yes
"Peppermint, fresh",100,70,0.9,0.2,0,0,3.75,14.89,8.0,0.0,Yes,Yes,Yes,No
"Oheloberries, raw",100,28,0.2,0.0,0,0,0.38,6.84,0.0,0.0,Yes,Yes,Yes,Yes
"Burdock root, raw",100,72,0.2,0.0,0,0,1.53,17.34,3.3,2.9,Yes,Yes,Yes,No
"Ostrich, raw, fan",100,117,2.7,1.0,73,0,21.81,0.0,0.0,0.0,No,No,Yes,Yes
"Strawberries, raw",100,32,0.3,0.0,0,0,0.67,7.68,2.0,4.89,Yes,Yes,Yes,Yes
"Fish, raw, burbot",100,90,0.8,0.2,60,0,19.31,0.0,0.0,0.0,No,No,Yes,Yes
"Gooseberries, raw",100,44,0.6,0.0,0,0,0.88,10.18,4.3,0.0,Yes,Yes,Yes,No
"Grape leaves, raw",100,93,2.1,0.3,0,0,5.6,17.31,11.0,6.3,Yes,Yes,Yes,No
"Kale, raw, scotch",100,42,0.6,0.1,0,0,2.8,8.32,1.7,0.0,Yes,Yes,Yes,Yes
"Whey, dried, acid",100,339,0.5,0.3,3,0,11.73,73.45,0.0,73.45,Yes,Yes,Yes,No
"Fennel, raw, bulb",100,31,0.2,0.1,0,0,1.24,7.3,3.1,3.93,Yes,Yes,Yes,Yes
"Egg, dried, whole",100,592,44.0,15.0,1630,0,48.05,1.13,0.0,0.56,No,Yes,Yes,Yes
"Egg, dried, white",100,382,0.0,0.0,0,0,81.1,7.8,0.0,5.4,No,Yes,Yes,Yes
"Veal, raw, ground",100,197,13.0,5.1,49,0,18.58,0.0,0.0,0.0,No,No,Yes,Yes
"Elderberries, raw",100,73,0.5,0.0,0,0,0.66,18.4,7.0,0.0,Yes,Yes,Yes,No
"Nuts, raw, acorns",100,387,24.0,3.1,0,0,6.15,40.75,0.0,0.0,Yes,Yes,Yes,No
"Orange juice, raw",100,45,0.2,0.0,0,0,0.7,10.4,0.2,8.4,Yes,Yes,Yes,No
"Cabbage, raw, red",100,31,0.2,0.0,0,0,1.43,7.37,2.1,3.83,Yes,Yes,Yes,Yes
"Blackberries, raw",100,43,0.5,0.0,0,0,1.39,9.61,5.3,4.88,Yes,Yes,Yes,Yes
"Wasabi, raw, root",100,109,0.6,0.0,0,0,4.8,23.54,7.8,0.0,Yes,Yes,Yes,No
"Raspberries, raw",100,52,0.7,0.0,0,0,1.2,11.94,6.5,4.42,Yes,Yes,Yes,No
"Taro shoots, raw",100,11,0.1,0.0,0,0,0.92,2.32,0.0,0.0,Yes,Yes,Yes,Yes
"Emu, raw, ground",100,134,4.0,1.0,69,0,22.77,0.0,0.0,0.0,Yes,Yes,Yes,Yes
"Fish, raw, cisco",100,98,1.9,0.4,50,0,18.99,0.0,0.0,0.0,No,No,Yes,Yes
"Dill weed, fresh",100,43,1.1,0.1,0,0,3.46,7.02,2.1,0.0,Yes,Yes,Yes,Yes
"Spearmint, dried",100,285,6.0,1.6,0,0,19.93,52.04,29.8,0.0,Yes,Yes,Yes,No
"Spearmint, fresh",100,44,0.7,0.2,0,0,3.29,8.41,6.8,0.0,Yes,Yes,Yes,Yes
"Lemon juice, raw",100,22,0.2,0.0,0,0,0.35,6.9,0.3,2.52,Yes,Yes,Yes,Yes
"Ginger root, raw",100,80,0.8,0.2,0,0,1.82,17.77,2.0,1.7,Yes,Yes,Yes,No
"Orange peel, raw",100,97,0.2,0.0,0,0,1.5,25.0,10.6,0.0,Yes,Yes,Yes,No
"Blueberries, raw",100,57,0.3,0.0,0,0,0.74,14.49,2.4,9.96,Yes,Yes,Yes,No
"Beet greens, raw",100,22,0.1,0.0,0,0,2.2,4.33,3.7,0.5,Yes,Yes,Yes,Yes
"Clementines, raw",100,47,0.2,0.0,0,0,0.85,12.02,1.7,9.18,Yes,Yes,Yes,No
"Peas, raw, green",100,81,0.4,0.1,0,0,5.42,14.45,5.7,5.67,Yes,Yes,Yes,No
"Pears, bosc, raw",100,67,0.1,0.0,0,0,0.36,16.1,3.1,10.23,Yes,Yes,Yes,No
"Cranberries, raw",100,46,0.1,0.0,0,0,0.46,11.97,3.6,4.27,Yes,Yes,Yes,No
"Egg, dried, yolk",100,669,59.0,20.0,2307,0,33.63,0.66,0.0,0.23,No,Yes,Yes,Yes
"Emu, raw, oyster",100,141,4.9,1.2,81,0,22.81,0.0,0.0,0.0,Yes,Yes,Yes,Yes
"Rose-apples, raw",100,25,0.3,0.0,0,0,0.6,5.7,0.0,0.0,Yes,Yes,Yes,Yes
"Fish, raw, scup",100,105,2.7,0.6,52,0,18.88,0.0,0.0,0.0,No,No,Yes,Yes
"Cheese, caraway",100,376,29.0,19.0,93,0,25.18,3.06,0.0,0.0,No,Yes,Yes,Yes
"Watermelon, raw",100,30,0.2,0.0,0,0,0.61,7.55,0.4,6.2,Yes,Yes,Yes,Yes
"Rosemary, fresh",100,131,5.9,2.8,0,0,3.31,20.7,14.1,0.0,Yes,Yes,Yes,No
"Lemon peel, raw",100,47,0.3,0.0,0,0,1.5,16.0,10.6,4.17,Yes,Yes,Yes,No
"Nectarines, raw",100,44,0.3,0.0,0,0,1.06,10.55,1.7,7.89,Yes,Yes,Yes,No
"Mulberries, raw",100,43,0.4,0.0,0,0,1.44,9.8,1.7,8.1,Yes,Yes,Yes,Yes
"Lotus root, raw",100,74,0.1,0.0,0,0,2.6,17.23,4.9,0.0,Yes,Yes,Yes,No
"Fish, raw, spot",100,123,4.9,1.5,60,0,18.51,0.0,0.0,0.0,No,No,Yes,Yes
"Crabapples, raw",100,76,0.3,0.0,0,0,0.4,19.95,0.0,0.0,Yes,Yes,Yes,No
"Breadfruit, raw",100,103,0.2,0.0,0,0,1.07,27.12,4.9,11.0,Yes,Yes,No,No
"Tomatillos, raw",100,32,1.0,0.1,0,0,0.96,5.84,1.9,3.93,Yes,Yes,Yes,Yes
"Fish, raw, carp",100,127,5.6,1.1,66,0,17.83,0.0,0.0,0.0,No,No,Yes,Yes
"Fish, raw, cusk",100,87,0.7,0.1,41,0,18.99,0.0,0.0,0.0,No,No,Yes,Yes
"Watercress, raw",100,11,0.1,0.0,0,0,2.3,1.29,0.5,0.2,Yes,Yes,Yes,Yes
"Fish, raw, ling",100,87,0.6,0.1,40,0,18.99,0.0,0.0,0.0,No,No,Yes,Yes
"Lime juice, raw",100,25,0.1,0.0,0,0,0.42,8.42,0.4,1.69,Yes,Yes,Yes,Yes
"Arrowroot, raw",100,65,0.2,0.0,0,0,4.24,13.39,1.3,0.0,Yes,Yes,Yes,No
"Tamarinds, raw",100,239,0.6,0.3,0,0,2.8,62.5,5.1,38.8,Yes,Yes,Yes,No
"Longans, dried",100,286,0.4,0.0,0,0,4.9,74.0,0.0,0.0,Yes,Yes,Yes,No
"Plantains, raw",100,122,0.4,0.1,0,0,1.3,31.89,2.3,15.0,Yes,Yes,Yes,No
"Parsley, fresh",100,36,0.8,0.1,0,0,2.97,6.33,3.3,0.85,Yes,Yes,Yes,Yes
"Radicchio, raw",100,23,0.3,0.1,0,0,1.43,4.48,0.9,0.6,Yes,Yes,Yes,Yes
"Sapodilla, raw",100,83,1.1,0.2,0,0,0.44,19.96,5.3,0.0,Yes,Yes,Yes,No
"Wild rice, raw",100,357,1.1,0.2,0,0,14.73,74.9,6.2,2.5,Yes,Yes,Yes,No
"Arrowhead, raw",100,99,0.3,0.0,0,0,5.33,20.23,0.0,0.0,Yes,Yes,Yes,No
"Frog legs, raw",100,73,0.3,0.1,50,0,16.4,0.0,0.0,0.0,Yes,Yes,Yes,Yes
"Jackfruit, raw",100,95,0.6,0.2,0,0,1.72,23.25,1.5,19.08,Yes,Yes,Yes,No
"Litchis, dried",100,277,1.2,0.3,0,0,3.8,70.7,4.6,66.1,Yes,Yes,Yes,No
"Rutabagas, raw",100,37,0.2,0.0,0,0,1.08,8.62,2.3,4.46,Yes,Yes,Yes,Yes
"Cornsalad, raw",100,21,0.4,0.0,0,0,2.0,3.6,0.0,0.0,Yes,Yes,Yes,No
"Cherimoya, raw",100,75,0.7,0.2,0,0,1.57,17.71,3.0,12.87,Yes,Yes,Yes,No
"Asparagus, raw",100,20,0.1,0.0,0,0,2.2,3.88,2.1,1.88,Yes,Yes,Yes,Yes
"Apricots, raw",100,48,0.4,0.0,0,0,1.4,11.12,2.0,9.24,Yes,Yes,Yes,No
"Broccoli, raw",100,34,0.4,0.0,0,0,2.82,6.64,2.6,1.7,Yes,Yes,Yes,Yes
"Shallots, raw",100,72,0.1,0.0,0,0,2.5,16.8,3.2,7.87,Yes,Yes,Yes,No
"Pepeao, dried",100,298,0.4,0.0,0,0,4.82,81.03,0.0,0.0,Yes,Yes,Yes,No
"Purslane, raw",100,20,0.4,0.0,0,0,2.03,3.39,0.0,0.0,Yes,Yes,Yes,Yes
"Radishes, raw",100,16,0.1,0.0,0,0,0.68,3.4,1.6,1.86,Yes,Yes,Yes,Yes
"Parsnips, raw",100,75,0.3,0.1,0,0,1.2,17.99,4.9,4.8,Yes,Yes,Yes,No
"Collards, raw",100,32,0.6,0.1,0,0,3.02,5.42,4.0,0.46,Yes,Yes,Yes,Yes
"Celeriac, raw",100,42,0.3,0.1,0,0,1.5,9.2,1.8,1.6,Yes,Yes,Yes,Yes
"Kumquats, raw",100,71,0.9,0.1,0,0,1.88,15.9,6.5,9.36,Yes,Yes,Yes,No
"Oat bran, raw",100,246,7.0,1.3,0,0,17.3,66.22,15.4,1.45,Yes,Yes,Yes,No
"Kohlrabi, raw",100,27,0.1,0.0,0,0,1.7,6.2,3.6,2.6,Yes,Yes,Yes,Yes
"Celtuce, raw",100,18,0.3,0.0,0,0,0.85,3.65,1.7,0.0,Yes,Yes,Yes,Yes
"Thyme, fresh",100,101,1.7,0.5,0,0,5.56,24.45,14.0,0.0,Yes,Yes,Yes,No
"Basil, fresh",100,23,0.6,0.0,0,0,3.15,2.65,1.6,0.3,Yes,Yes,Yes,Yes
"Rhubarb, raw",100,21,0.2,0.1,0,0,0.9,4.54,1.8,1.1,Yes,Yes,Yes,Yes
"Nopales, raw",100,16,0.1,0.0,0,0,1.32,3.33,2.2,1.15,Yes,Yes,Yes,Yes
"Longans, raw",100,60,0.1,0.0,0,0,1.31,15.14,1.1,0.0,Yes,Yes,Yes,No
"Loquats, raw",100,47,0.2,0.0,0,0,0.43,12.14,1.7,0.0,Yes,Yes,Yes,No
"Epazote, raw",100,32,0.5,0.0,0,0,0.33,7.44,3.8,0.0,Yes,Yes,Yes,Yes
"Pumpkin, raw",100,26,0.1,0.1,0,0,1.0,6.5,0.5,2.76,Yes,Yes,Yes,Yes
"Carrots, raw",100,41,0.2,0.0,0,0,0.93,9.58,2.8,4.74,Yes,Yes,Yes,Yes
"Cabbage, raw",100,25,0.1,0.0,0,0,1.28,5.8,2.5,3.2,Yes,Yes,Yes,Yes
"Cardoon, raw",100,17,0.1,0.0,0,0,0.7,4.07,1.6,0.0,Yes,Yes,Yes,Yes
"Abiyuch, raw",100,69,0.1,0.0,0,0,1.5,17.6,5.3,8.55,Yes,Yes,Yes,No
"Pummelo, raw",100,38,0.0,0.0,0,0,0.76,9.62,1.0,0.0,Yes,Yes,Yes,Yes
"Quinces, raw",100,57,0.1,0.0,0,0,0.4,15.3,1.9,0.0,Yes,Yes,Yes,No
"Roselle, raw",100,49,0.6,0.0,0,0,0.96,11.31,0.0,0.0,Yes,Yes,Yes,No
"Soursop, raw",100,66,0.3,0.1,0,0,1.0,16.84,3.3,13.54,Yes,Yes,Yes,No
"Arugula, raw",100,25,0.7,0.1,0,0,2.58,3.65,1.6,2.05,Yes,Yes,Yes,Yes
"Litchis, raw",100,66,0.4,0.1,0,0,0.83,16.53,1.3,15.23,Yes,Yes,Yes,No
"Spinach, raw",100,23,0.4,0.1,0,0,2.86,3.63,2.2,0.42,Yes,Yes,Yes,Yes
"Lentils, raw",100,352,1.1,0.2,0,0,24.63,63.35,10.7,2.03,Yes,Yes,Yes,No
"Cassava, raw",100,160,0.3,0.1,0,0,1.36,38.06,1.8,1.7,Yes,Yes,Yes,No
"Turnips, raw",100,28,0.1,0.0,0,0,0.9,6.43,1.8,3.8,Yes,Yes,Yes,Yes
"Bananas, raw",100,89,0.3,0.1,0,0,1.09,22.84,2.6,12.23,Yes,Yes,Yes,No
"Papayas, raw",100,43,0.3,0.1,0,0,0.47,10.82,1.7,7.82,Yes,Yes,Yes,No
"Chives, raw",100,30,0.7,0.1,0,0,3.27,4.35,2.5,1.85,Yes,Yes,Yes,Yes
"Borage, raw",100,21,0.7,0.2,0,0,1.8,3.06,0.0,0.0,Yes,Yes,Yes,Yes
"Mangos, raw",100,60,0.4,0.1,0,0,0.82,14.98,1.6,13.66,Yes,Yes,Yes,No
"Garlic, raw",100,149,0.5,0.1,0,0,6.36,33.06,2.1,1.0,Yes,Yes,Yes,No
"Endive, raw",100,17,0.2,0.0,0,0,1.25,3.35,3.1,0.25,Yes,Yes,Yes,Yes
"Celery, raw",100,16,0.2,0.0,0,0,0.69,2.97,1.6,1.34,Yes,Yes,Yes,Yes
"Feijoa, raw",100,61,0.4,0.1,0,0,0.71,15.21,6.4,8.2,Yes,Yes,Yes,No
"Millet, raw",100,378,4.2,0.7,0,0,11.02,72.85,8.5,0.0,Yes,Yes,Yes,No
"Jujube, raw",100,79,0.2,0.0,0,0,1.2,20.23,0.0,0.0,Yes,Yes,Yes,No
"Onions, raw",100,40,0.1,0.0,0,0,1.1,9.34,1.7,4.24,Yes,Yes,Yes,Yes
"Eppaw, raw",100,150,1.8,0.0,0,0,4.6,31.68,0.0,0.0,Yes,Yes,Yes,No
"Limes, raw",100,30,0.2,0.0,0,0,0.7,10.54,2.8,1.69,Yes,Yes,Yes,No
"Pears, raw",100,57,0.1,0.0,0,0,0.36,15.23,3.1,9.75,Yes,Yes,Yes,No
"Plums, raw",100,46,0.3,0.0,0,0,0.7,11.42,1.4,9.92,Yes,Yes,Yes,No
"Rowal, raw",100,111,2.0,0.2,0,0,2.3,23.9,6.2,14.1,Yes,Yes,Yes,No
"Beets, raw",100,43,0.2,0.0,0,0,1.61,9.56,2.8,6.76,Yes,Yes,Yes,Yes
"Dock, raw",100,22,0.7,0.0,0,0,2.0,3.2,2.9,0.0,Yes,Yes,Yes,Yes
"Kale, raw",100,49,0.9,0.1,0,0,4.28,8.75,3.6,2.26,Yes,Yes,Yes,Yes
"Okra, raw",100,33,0.2,0.0,0,0,1.93,7.45,3.2,1.48,Yes,Yes,Yes,Yes
"Taro, raw",100,112,0.2,0.0,0,0,1.5,26.46,4.1,0.4,Yes,Yes,Yes,No
"Figs, raw",100,74,0.3,0.1,0,0,0.75,19.18,2.9,16.26,Yes,Yes,Yes,No
"Goat, raw",100,109,2.3,0.7,57,0,20.6,0.0,0.0,0.0,Yes,Yes,Yes,Yes
"Yam, raw",100,118,0.2,0.0,0,0,1.53,27.88,4.1,0.5,Yes,Yes,Yes,No
"Spices, dried, oregano",100,265,4.3,1.6,0,0,9.0,68.92,42.5,4.09,Yes,Yes,Yes,No
"Winged bean leaves, raw",100,74,1.1,0.3,0,0,5.85,14.1,0.0,0.0,Yes,Yes,Yes,No
"Corn, raw, white, sweet",100,86,1.2,0.2,0,0,3.22,19.02,2.7,3.22,Yes,Yes,Yes,No
"Wheat flour, whole-grain",100,340,2.5,0.4,0,0,13.21,71.97,10.7,0.41,Yes,Yes,No,No
"Fish, raw, king, mackerel",100,105,2.0,0.4,53,0,20.28,0.0,0.0,0.0,No,No,Yes,Yes
"Mushrooms, raw, portabella",100,22,0.4,0.1,0,0,2.11,3.87,1.3,2.5,Yes,Yes,Yes,Yes
"Fish, raw, striped, mullet",100,117,3.8,1.1,49,0,19.35,0.0,0.0,0.0,No,No,Yes,Yes
"Triticale flour, whole-grain",100,338,1.8,0.3,0,0,13.18,73.14,14.6,0.0,Yes,Yes,No,No
"Smelt, dried (Alaska Native)",100,386,18.0,3.6,249,0,56.19,0.0,0.0,0.0,Yes,Yes,Yes,Yes
"Chicken, raw, giblets, capons",100,130,5.2,1.6,292,0,18.28,1.42,0.0,0.0,No,No,Yes,Yes
"Crackers, whole grain, cheese",100,412,16.0,3.2,16,0,9.62,57.29,6.4,0.0,No,Yes,Yes,No
"Egg, raw, fresh, whole, quail",100,158,11.0,3.6,844,0,13.05,0.41,0.0,0.4,No,No,Yes,Yes
"Crustaceans, raw, queen, crab",100,90,1.2,0.1,55,0,18.5,0.0,0.0,0.0,Yes,Yes,Yes,Yes
"Cranberries, sweetened, dried",100,308,1.1,0.1,0,0,0.17,82.8,5.3,72.56,Yes,Yes,Yes,No
"Fish, raw, wild, coho, salmon",100,146,5.9,1.3,45,0,21.62,0.0,0.0,0.0,No,No,Yes,Yes
"Turkey, raw, meat only, whole",100,112,1.9,0.5,67,0,22.64,0.14,0.0,0.07,No,No,Yes,Yes
"Spices, dried, coriander leaf",100,279,4.8,0.1,0,0,21.93,52.1,10.4,7.27,Yes,Yes,Yes,No
"Lemon grass (citronella), raw",100,99,0.5,0.1,0,0,1.82,25.31,0.0,0.0,Yes,Yes,Yes,No
"Fish, raw, Atlantic, mackerel",100,205,14.0,3.3,70,0,18.6,0.0,0.0,0.0,No,No,Yes,Yes
"Egg, raw, fresh, whole, goose",100,185,13.0,3.6,852,0,13.87,1.35,0.0,0.94,No,Yes,Yes,Yes
"Jujube, dried, fresh, Chinese",100,281,0.5,0.0,0,0,4.72,72.52,6.0,0.0,Yes,Yes,Yes,No
"Quail, raw, meat only, breast",100,123,3.0,0.9,58,0,22.59,0.0,0.0,0.0,No,No,Yes,Yes
"Blueberries, sweetened, dried",100,317,2.5,0.2,0,0,2.5,80.0,7.5,67.5,Yes,Yes,Yes,No
"Bison, raw, grass-fed, ground",100,146,7.2,2.9,55,0,20.23,0.05,0.0,0.0,Yes,Yes,Yes,Yes
"Currants, raw, european black",100,63,0.4,0.0,0,0,1.4,15.38,0.0,0.0,Yes,Yes,Yes,No
"Pineapple, all varieties, raw",100,50,0.1,0.0,0,0,0.54,13.12,1.4,9.85,Yes,Yes,Yes,No
"Fish, raw, Atlantic, wolffish",100,96,2.4,0.4,46,0,17.5,0.0,0.0,0.0,No,No,Yes,Yes
"English muffins, whole-wheat",100,203,2.1,0.3,0,0,8.8,40.4,6.7,8.09,Yes,Yes,No,No
"Apples, with skin, gala, raw",100,57,0.1,0.0,0,0,0.25,13.68,2.3,10.37,Yes,Yes,Yes,No
"Pheasant, meat and skin, raw",100,181,9.3,2.7,71,0,22.7,0.0,0.0,0.0,No,No,Yes,Yes
"Squash, raw, hubbard, winter",100,40,0.5,0.1,0,0,2.0,8.7,3.9,3.95,Yes,Yes,Yes,Yes
"Fish, raw, Atlantic, herring",100,158,9.0,2.0,60,0,17.96,0.0,0.0,0.0,No,No,Yes,Yes
"Fish, raw, spanish, mackerel",100,139,6.3,1.8,76,0,19.29,0.0,0.0,0.0,No,No,Yes,Yes
"Cornmeal, white, whole-grain",100,362,3.6,0.5,0,0,8.12,76.89,7.3,0.64,Yes,Yes,Yes,No
"Ground turkey, raw, fat free",100,112,2.0,0.5,55,0,23.57,0.0,0.0,0.0,No,No,Yes,Yes
"Kanpyo, (dried gourd strips)",100,258,0.6,0.0,0,0,8.58,65.03,9.8,0.0,Yes,Yes,Yes,No
"Cockles, raw (Alaska Native)",100,79,0.7,0.0,0,0,13.5,4.7,0.0,0.0,Yes,Yes,Yes,Yes
"Apples, with skin, fuji, raw",100,63,0.2,0.0,0,0,0.2,15.22,2.1,11.68,Yes,Yes,Yes,No
"Lettuce, raw, cos or romaine",100,17,0.3,0.0,0,0,1.23,3.29,2.1,1.19,Yes,Yes,Yes,Yes
"Game meat, raw, ground, deer",100,157,7.1,3.4,80,0,21.78,0.0,0.0,0.0,No,No,Yes,Yes
"Mothbeans, raw, mature seeds",100,343,1.6,0.4,0,0,22.94,61.52,0.0,0.0,Yes,Yes,Yes,No
"Beef, raw, ground, grass-fed",100,198,13.0,5.3,62,0,19.42,0.0,0.0,0.0,No,No,Yes,Yes
"Buckwheat flour, whole-groat",100,335,3.1,0.7,0,0,12.62,70.59,10.0,2.6,Yes,Yes,No,No
"Rice, raw, long-grain, brown",100,367,3.2,0.6,0,0,7.54,76.25,3.6,0.66,Yes,Yes,Yes,No
"Fish, raw, european, anchovy",100,131,4.8,1.3,60,0,20.35,0.0,0.0,0.0,No,No,Yes,Yes
"Game meat, raw, wild, rabbit",100,114,2.3,0.7,81,0,21.79,0.0,0.0,0.0,No,No,Yes,Yes
"Alfalfa seeds, raw, sprouted",100,23,0.7,0.1,0,0,3.99,2.1,1.9,0.2,Yes,Yes,Yes,Yes
"Squash, raw (Navajo), Indian",100,26,0.2,0.0,0,0,0.52,5.64,0.0,3.54,Yes,Yes,Yes,Yes
"Fish, raw, Atlantic, croaker",100,104,3.2,1.1,61,0,17.78,0.0,0.0,0.0,No,No,Yes,Yes
"Grapefruit juice, raw, white",100,39,0.1,0.0,0,0,0.5,9.2,0.1,9.1,Yes,Yes,Yes,Yes
"Fish, raw, Atlantic, pollock",100,92,1.0,0.1,71,0,19.44,0.0,0.0,0.0,No,No,Yes,Yes
"Egg, raw, fresh, whole, duck",100,185,14.0,3.7,884,0,12.81,1.45,0.0,0.93,No,No,Yes,Yes
"Crackers, whole-wheat, matzo",100,351,1.5,0.2,0,0,13.1,78.9,11.8,0.0,Yes,Yes,No,No
"Veal, raw, external fat only",100,503,52.0,19.0,86,0,8.85,0.89,0.0,0.0,No,No,Yes,Yes
"Seeds, raw, breadfruit seeds",100,191,5.6,1.5,0,0,7.4,29.24,5.2,0.0,Yes,Yes,No,No
"Peppers, raw, red, hot chili",100,40,0.4,0.0,0,0,1.87,8.81,1.5,5.3,Yes,Yes,Yes,Yes
"Squash, raw, scallop, summer",100,18,0.2,0.0,0,0,1.2,3.84,1.2,2.39,Yes,Yes,Yes,Yes
"Currants, raw, red and white",100,56,0.2,0.0,0,0,1.4,13.8,4.3,7.37,Yes,Yes,Yes,No
"Crustaceans, raw, blue, crab",100,87,1.1,0.2,78,0,18.06,0.04,0.0,0.0,Yes,Yes,Yes,Yes
"Chrysanthemum, raw, garland",100,24,0.6,0.0,0,0,3.36,3.02,3.0,0.0,Yes,Yes,Yes,Yes
"Grapefruit juice, raw, pink",100,39,0.1,0.0,0,0,0.5,9.2,0.0,0.0,Yes,Yes,Yes,Yes
"Radish seeds, raw, sprouted",100,43,2.5,0.8,0,0,3.81,3.6,0.0,0.0,Yes,Yes,Yes,Yes
"Turkey, raw, giblets, whole",100,124,5.1,1.5,333,0,18.18,0.07,0.0,0.0,No,No,Yes,Yes
"Soybeans, raw, mature seeds",100,446,20.0,2.9,0,0,36.49,30.16,9.3,7.33,Yes,Yes,Yes,No
"Radishes, raw, white icicle",100,14,0.1,0.0,0,0,1.1,2.63,1.4,0.0,Yes,Yes,Yes,Yes
"Vinespinach, raw, (basella)",100,19,0.3,0.0,0,0,1.8,3.4,0.0,0.0,Yes,Yes,Yes,Yes
"Ostrich, raw, outside strip",100,120,2.2,0.8,79,0,23.36,0.0,0.0,0.0,No,No,Yes,Yes
"Nuts, dried, black, walnuts",100,619,59.0,3.5,0,0,24.06,9.58,6.8,1.1,Yes,Yes,Yes,Yes
"Mushrooms, raw, Chanterelle",100,38,0.5,0.0,0,0,1.49,6.86,3.8,1.16,Yes,Yes,Yes,Yes
"Mollusks, raw, blue, mussel",100,86,2.2,0.4,28,0,11.9,3.69,0.0,0.0,Yes,Yes,Yes,Yes
"Fish, raw, european, turbot",100,95,3.0,0.8,48,0,16.05,0.0,0.0,0.0,No,No,Yes,Yes
"Cheese, whole milk, ricotta",100,174,13.0,8.3,51,0,11.26,3.04,0.0,0.27,No,Yes,Yes,Yes
"Cheese, queso fresco, fresh",100,299,24.0,13.0,69,0,18.09,2.98,0.0,2.32,No,Yes,Yes,Yes
"Squash, raw, baby, zucchini",100,21,0.4,0.1,0,0,2.71,3.11,1.1,0.0,Yes,Yes,Yes,Yes
"Sausage, raw, pork, Italian",100,346,31.0,11.0,76,0,14.25,0.65,0.0,0.0,No,No,Yes,Yes
"Fish, raw, freshwater, drum",100,119,4.9,1.1,64,0,17.54,0.0,0.0,0.0,No,No,Yes,Yes
"Pork, raw, salt pork, cured",100,748,81.0,29.0,86,0,5.05,0.0,0.0,0.0,No,No,Yes,Yes
"Fish, raw, Pacific, herring",100,195,14.0,3.3,77,0,16.39,0.0,0.0,0.0,No,No,Yes,Yes
"Peppers, raw, yellow, sweet",100,27,0.2,0.0,0,0,1.0,6.32,0.9,0.0,Yes,Yes,Yes,Yes
"Fish, raw, florida, pompano",100,164,9.5,3.5,50,0,18.48,0.0,0.0,0.0,No,No,Yes,Yes
"Game meat, raw, ground, elk",100,172,8.8,3.5,66,0,21.76,0.0,0.0,0.0,No,No,Yes,Yes
"Persimmons, dried, japanese",100,274,0.6,0.0,0,0,1.38,73.43,14.5,0.0,Yes,Yes,Yes,No
"Carambola, raw, (starfruit)",100,31,0.3,0.0,0,0,1.04,6.73,2.8,3.98,Yes,Yes,Yes,Yes
"Bockwurst, raw, veal, pork",100,301,26.0,10.0,93,0,14.03,2.95,1.0,1.33,No,No,Yes,Yes
"Guinea hen, raw, meat only",100,110,2.5,0.6,63,0,20.64,0.0,0.0,0.0,No,No,Yes,Yes
"Squash, raw, acorn, winter",100,40,0.1,0.0,0,0,0.8,10.42,1.5,0.0,Yes,Yes,Yes,No
"Peppers, raw, green, sweet",100,20,0.2,0.1,0,0,0.86,4.64,1.7,2.4,Yes,Yes,Yes,Yes
"Turkey sausage, raw, fresh",100,155,8.1,2.0,75,0,18.79,0.47,0.0,0.0,No,No,Yes,Yes
"Fish, raw, chinook, salmon",100,179,10.0,3.1,50,0,19.93,0.0,0.0,0.0,No,No,Yes,Yes
"Game meat, raw, wild, boar",100,122,3.3,1.0,0,0,21.51,0.0,0.0,0.0,No,No,Yes,Yes
"Rolls, whole-wheat, dinner",100,266,4.7,0.8,0,0,8.7,51.1,7.5,8.46,Yes,Yes,No,No
"Ostrich, raw, inside strip",100,127,2.9,0.9,73,0,23.69,0.0,0.0,0.0,No,No,Yes,Yes
"Fish, raw, sockeye, salmon",100,131,4.7,0.8,51,0,22.25,0.0,0.0,0.0,No,No,Yes,Yes
"Sorghum flour, whole-grain",100,359,3.3,0.5,0,0,8.43,76.64,6.6,1.94,Yes,Yes,No,No
"Java-plum, raw, (jambolan)",100,60,0.2,0.0,0,0,0.72,15.56,0.0,0.0,Yes,Yes,Yes,No
"Mushrooms, dried, shiitake",100,296,1.0,0.2,0,0,9.58,75.37,11.5,2.21,Yes,Yes,Yes,No
"Carissa, raw, (natal-plum)",100,62,1.3,0.0,0,0,0.5,13.63,0.0,0.0,Yes,Yes,Yes,No
SILK Strawberry soy yogurt,100,94,1.2,0.0,0,0,2.35,18.24,0.6,12.94,No,Yes,Yes,No
"Fish, raw, american, shad",100,197,14.0,3.1,75,0,16.93,0.0,0.0,0.0,No,No,Yes,Yes
"Fish, raw, rainbow, smelt",100,97,2.4,0.5,70,0,17.63,0.0,0.0,0.0,No,No,Yes,Yes
"Bagels, whole grain white",100,255,0.0,0.0,0,0,9.3,54.52,4.7,9.3,Yes,Yes,Yes,No
"Apples, without skin, raw",100,48,0.1,0.0,0,0,0.27,12.76,1.3,10.1,Yes,Yes,Yes,No
"Chrysanthemum leaves, raw",100,24,0.6,0.0,0,0,3.36,3.01,3.0,0.0,Yes,Yes,Yes,Yes
"Lentils, raw, pink or red",100,358,2.2,0.4,0,0,23.91,63.1,10.8,0.0,Yes,Yes,Yes,No
"Quail, raw, meat and skin",100,192,12.0,3.4,76,0,19.63,0.0,0.0,0.0,No,No,Yes,Yes
"Nuts, raw, macadamia nuts",100,718,76.0,12.0,0,0,7.91,13.82,8.6,4.57,Yes,Yes,Yes,No
"Ostrich, raw, outside leg",100,115,2.0,0.6,65,0,22.86,0.0,0.0,0.0,No,No,Yes,Yes
"Fish, raw, orange, roughy",100,76,0.7,0.0,60,0,16.41,0.0,0.0,0.0,No,No,Yes,Yes
"Lemons, without peel, raw",100,29,0.3,0.0,0,0,1.1,9.32,2.8,2.5,Yes,Yes,Yes,Yes
"Nuts, raw, pistachio nuts",100,560,45.0,5.9,0,0,20.16,27.17,10.6,7.66,Yes,Yes,Yes,No
"Mammy-apple, raw, (mamey)",100,51,0.5,0.1,0,0,0.5,12.5,3.0,0.0,Yes,Yes,Yes,No
"Mountain yam, raw, hawaii",100,67,0.1,0.0,0,0,1.34,16.3,2.5,0.31,Yes,Yes,Yes,No
"Lupins, raw, mature seeds",100,371,9.7,1.2,0,0,36.17,40.37,18.9,0.0,Yes,Yes,Yes,No
"Avocados, California, raw",100,167,15.0,2.1,0,0,1.96,8.64,6.8,0.3,Yes,Yes,Yes,Yes
"Pork, raw, backfat, fresh",100,812,89.0,32.0,57,0,2.92,0.0,0.0,0.0,No,No,Yes,Yes
"Seaweed, dried, spirulina",100,290,7.7,2.7,0,0,57.47,23.9,3.6,3.1,Yes,Yes,Yes,No
"Ostrich, raw, tip trimmed",100,114,2.3,0.9,72,0,21.85,0.0,0.0,0.0,No,No,Yes,Yes
"Fish, raw, northern, pike",100,88,0.7,0.1,39,0,19.26,0.0,0.0,0.0,No,No,Yes,Yes
"Jerusalem-artichokes, raw",100,73,0.0,0.0,0,0,2.0,17.44,1.6,9.6,Yes,Yes,Yes,No
"Radishes, dried, oriental",100,271,0.7,0.2,0,0,7.9,63.37,23.9,37.32,Yes,Yes,Yes,No
"Persimmons, raw, japanese",100,70,0.2,0.0,0,0,0.58,18.59,3.6,12.53,Yes,Yes,Yes,No
"Seeds, dried, lotus seeds",100,332,2.0,0.3,0,0,15.41,64.47,0.0,0.0,Yes,Yes,Yes,No
"Sweet potato leaves, raw",100,42,0.5,0.1,0,0,2.49,8.82,5.3,0.0,Yes,Yes,Yes,No
"Pheasant, meat only, raw",100,133,3.6,1.2,66,0,23.57,0.0,0.0,0.0,No,No,Yes,Yes
"Fish, raw, Atlantic, cod",100,82,0.7,0.1,43,0,17.81,0.0,0.0,0.0,No,No,Yes,Yes
"Pork, raw, ground, fresh",100,263,21.0,7.9,72,0,16.88,0.0,0.0,0.0,No,No,Yes,Yes
"Nuts, dried, hickorynuts",100,657,64.0,7.0,0,0,12.72,18.25,6.4,0.0,Yes,Yes,Yes,No
"Mushrooms, raw, shiitake",100,34,0.5,0.0,0,0,2.24,6.79,2.5,2.38,Yes,Yes,Yes,Yes
"Fungi, dried, Cloud ears",100,284,0.7,0.0,0,0,9.25,73.01,70.1,0.0,Yes,Yes,Yes,No
"New Zealand spinach, raw",100,14,0.2,0.0,0,0,1.5,2.5,1.5,0.29,Yes,Yes,Yes,Yes
"Lettuce, raw, green leaf",100,15,0.2,0.0,0,0,1.36,2.87,1.3,0.78,Yes,Yes,Yes,Yes
"Fish, raw, white, sucker",100,92,2.3,0.5,41,0,16.76,0.0,0.0,0.0,No,No,Yes,Yes
"Peppers, raw, red, sweet",100,31,0.3,0.0,0,0,0.99,6.03,2.1,4.2,Yes,Yes,Yes,Yes
"Ostrich, raw, inside leg",100,111,1.7,0.6,66,0,22.39,0.0,0.0,0.0,No,No,Yes,Yes
"Seeds, dried, chia seeds",100,486,31.0,3.3,0,0,16.54,42.12,34.4,0.0,Yes,Yes,Yes,No
"Corn, raw, yellow, sweet",100,86,1.4,0.3,0,0,3.27,18.7,2.0,6.26,Yes,Yes,Yes,No
"Agave, dried (Southwest)",100,341,0.7,0.0,0,0,1.71,81.98,15.6,50.7,Yes,Yes,Yes,No
"Bread, whole-wheat, pita",100,262,1.7,0.1,0,0,9.8,55.89,6.1,2.87,Yes,Yes,No,No
"Beans, raw, yellow, snap",100,31,0.1,0.0,0,0,1.82,7.13,3.4,3.27,Yes,Yes,Yes,Yes
"Ostrich, raw, tenderloin",100,123,3.2,1.2,80,0,22.07,0.0,0.0,0.0,No,No,Yes,Yes
"Peas, raw, edible-podded",100,42,0.2,0.0,0,0,2.8,7.55,2.6,4.0,Yes,Yes,Yes,Yes
"Soy flour, raw, full-fat",100,434,21.0,3.0,0,0,37.81,31.92,9.6,7.5,Yes,Yes,No,No
"Fish, raw, striped, bass",100,97,2.3,0.5,80,0,17.73,0.0,0.0,0.0,No,No,Yes,Yes
"Game meat, raw, squirrel",100,120,3.2,0.4,83,0,21.23,0.0,0.0,0.0,No,No,Yes,Yes
"Jellyfish, salted, dried",100,36,1.4,0.3,5,0,5.5,0.0,0.0,0.0,No,No,Yes,Yes
"Spices, dried, dill weed",100,253,4.4,0.2,0,0,19.96,55.82,13.6,0.0,Yes,Yes,Yes,No
"Beans, raw, in pod, fava",100,88,0.7,0.1,0,0,7.92,17.63,7.5,9.21,Yes,Yes,Yes,No
"Nuts, dried, ginkgo nuts",100,348,2.0,0.4,0,0,10.35,72.45,0.0,0.0,Yes,Yes,Yes,No
"Fish, raw, walleye, pike",100,93,1.2,0.2,86,0,19.14,0.0,0.0,0.0,No,No,Yes,Yes
"Jew's ear, raw, (pepeao)",100,25,0.0,0.0,0,0,0.48,6.75,0.0,0.0,Yes,Yes,Yes,Yes
"Cucumber, raw, with peel",100,15,0.1,0.0,0,0,0.65,3.63,0.5,1.67,Yes,Yes,Yes,Yes
"Cowpeas, raw, leafy tips",100,29,0.3,0.1,0,0,4.1,4.82,0.0,0.0,Yes,Yes,Yes,Yes
"Veal, raw, seam fat only",100,444,44.0,14.0,83,0,12.53,0.0,0.0,0.0,No,No,Yes,Yes
"Game meat, raw, antelope",100,114,2.0,0.7,95,0,22.38,0.0,0.0,0.0,No,No,Yes,Yes
"Cherries, raw, red, sour",100,50,0.3,0.1,0,0,1.0,12.18,1.6,8.49,Yes,Yes,Yes,No
"Peanuts, raw, all types",100,567,49.0,6.3,0,0,25.8,16.13,8.5,4.72,Yes,Yes,Yes,No
"Beans, raw, green, snap",100,31,0.2,0.1,0,0,1.83,6.97,2.7,3.26,Yes,Yes,Yes,Yes
"Cauliflower, raw, green",100,31,0.3,0.0,0,0,2.95,6.09,3.2,3.03,Yes,Yes,Yes,Yes
"Fish, raw, chum, salmon",100,120,3.8,0.8,74,0,20.14,0.0,0.0,0.0,No,No,Yes,Yes
"Spices, dried, marjoram",100,271,7.0,0.5,0,0,12.66,60.56,40.3,4.09,Yes,Yes,Yes,No
"Mango, sweetened, dried",100,319,1.2,0.3,0,0,2.45,78.58,2.4,66.27,Yes,Yes,Yes,No
"Peppers, raw, hungarian",100,29,0.4,0.0,0,0,0.8,6.7,1.0,3.53,Yes,Yes,Yes,Yes
"Peppers, dried, pasilla",100,345,16.0,0.0,0,0,12.35,51.13,26.8,0.0,Yes,Yes,Yes,No
"Seaweed, raw, irishmoss",100,49,0.2,0.0,0,0,1.51,12.29,1.3,0.61,Yes,Yes,Yes,No
"Game meat, raw, muskrat",100,162,8.1,0.0,0,0,20.76,0.0,0.0,0.0,No,No,Yes,Yes
"Fish, raw, pink, salmon",100,127,4.4,0.8,46,0,20.5,0.0,0.0,0.0,No,No,Yes,Yes
"Pork, raw, belly, fresh",100,518,53.0,19.0,72,0,9.34,0.0,0.0,0.0,No,No,Yes,Yes
"Nuts, dried, butternuts",100,612,57.0,1.3,0,0,24.9,12.05,4.7,0.0,Yes,Yes,Yes,No
"Pears, green anjou, raw",100,66,0.1,0.0,0,0,0.44,15.79,3.1,9.73,Yes,Yes,Yes,No
"Seaweed, raw, spirulina",100,26,0.4,0.1,0,0,5.92,2.42,0.4,0.3,Yes,Yes,Yes,Yes
"Soy meal, raw, defatted",100,337,2.4,0.3,0,0,49.2,35.89,0.0,0.0,Yes,Yes,Yes,No
"Milk, dried, buttermilk",100,387,5.8,3.6,69,0,34.3,49.0,0.0,49.0,No,Yes,Yes,No
"Nuts, raw, coconut meat",100,354,33.0,30.0,0,0,3.33,15.23,9.0,6.23,No,No,Yes,No
"Spices, dried, rosemary",100,331,15.0,7.4,0,0,4.88,64.06,42.6,0.0,Yes,Yes,Yes,No
"Guavas, raw, strawberry",100,69,0.6,0.2,0,0,0.58,17.36,5.4,0.0,Yes,Yes,Yes,No
"Radishes, raw, oriental",100,18,0.1,0.0,0,0,0.6,4.1,1.6,2.5,Yes,Yes,Yes,Yes
"Mushrooms, raw, maitake",100,31,0.2,0.0,0,0,1.94,6.97,2.7,2.07,Yes,Yes,Yes,Yes
"Melons, raw, cantaloupe",100,34,0.2,0.1,0,0,0.84,8.16,0.9,7.86,Yes,Yes,Yes,Yes
"Pasta, dry, whole-wheat",100,352,2.9,0.4,0,0,13.87,73.37,9.2,2.74,Yes,Yes,No,No
"Persimmons, raw, native",100,127,0.4,0.0,0,0,0.8,33.5,0.0,0.0,Yes,Yes,Yes,No
"Game meat, raw, caribou",100,127,3.4,1.3,83,0,22.63,0.0,0.0,0.0,No,No,Yes,Yes
"Oranges, with peel, raw",100,63,0.3,0.0,0,0,1.3,15.5,4.5,0.0,Yes,Yes,Yes,No
"Seeds, raw, lotus seeds",100,89,0.5,0.1,0,0,4.13,17.28,0.0,0.0,Yes,Yes,Yes,No
"Spices, dried, tarragon",100,295,7.2,1.9,0,0,22.77,50.22,7.4,0.0,Yes,Yes,Yes,No
"Apples, with skin, raw",100,52,0.2,0.0,0,0,0.26,13.81,2.4,10.39,Yes,Yes,Yes,No
"Fish, raw, ocean, pout",100,79,0.9,0.3,52,0,16.64,0.0,0.0,0.0,No,No,Yes,Yes
"Spices, dried, chervil",100,237,3.9,0.2,0,0,23.2,49.1,11.3,0.0,Yes,Yes,Yes,No
"Spices, dried, parsley",100,292,5.5,1.4,0,0,26.63,50.64,26.7,7.27,Yes,Yes,Yes,No
"Egg, fresh, raw, white",100,52,0.2,0.0,0,0,10.9,0.73,0.0,0.71,No,Yes,Yes,Yes
"Egg, fresh, raw, whole",100,143,9.5,3.1,372,0,12.56,0.72,0.0,0.37,No,Yes,Yes,Yes
"Mushrooms, raw, oyster",100,33,0.4,0.1,0,0,3.31,6.09,2.3,1.11,Yes,Yes,Yes,Yes
"Ice creams, strawberry",100,192,8.4,5.2,29,0,3.2,27.6,0.9,0.0,Yes,Yes,Yes,No
"Lettuce, raw, red leaf",100,16,0.2,0.0,0,0,1.33,2.26,0.9,0.48,Yes,Yes,Yes,Yes
"Game meat, raw, beaver",100,146,4.8,0.0,0,0,24.05,0.0,0.0,0.0,No,No,Yes,Yes
"Butterbur, raw, (fuki)",100,14,0.0,0.0,0,0,0.39,3.61,0.0,0.0,Yes,Yes,Yes,Yes
"Avocados, Florida, raw",100,120,10.0,2.0,0,0,2.23,7.82,5.6,2.42,Yes,Yes,Yes,Yes
"Peanuts, raw, virginia",100,563,49.0,6.4,0,0,25.19,16.54,8.5,3.95,Yes,Yes,Yes,No
"Peanuts, raw, valencia",100,570,48.0,7.3,0,0,25.09,20.91,8.7,0.0,Yes,Yes,Yes,No
"Nuts, raw, cashew nuts",100,553,44.0,7.8,0,0,18.22,30.19,3.3,5.91,Yes,Yes,Yes,No
"Shallots, freeze-dried",100,348,0.5,0.1,0,0,12.3,80.7,15.7,38.16,Yes,Yes,Yes,No
"Beans, raw, mature seeds, pinto",100,347,1.2,0.2,0,0,21.42,62.55,15.5,2.11,Yes,Yes,Yes,No
"Yogurt, whole milk, fruit, Greek",100,106,3.0,1.6,10,0,7.33,12.29,0.0,12.0,No,Yes,Yes,No
"Hyacinth beans, raw, mature seeds",100,344,1.7,0.3,0,0,23.9,60.74,25.6,0.0,Yes,Yes,Yes,No
"Cloudberries, raw (Alaska Native)",100,51,0.8,0.0,0,0,2.4,8.6,0.0,0.0,Yes,Yes,Yes,Yes
"Cowpeas, raw, young pods with seeds",100,44,0.3,0.1,0,0,3.3,9.5,3.3,5.04,Yes,Yes,Yes,Yes
"Nuts, unblanched, dried, brazilnuts",100,659,67.0,16.0,0,0,14.32,11.74,7.5,2.33,Yes,Yes,Yes,No
"Walrus, dried (Alaska Native), meat",100,251,2.6,0.0,0,0,57.0,0.0,0.0,0.0,No,No,Yes,Yes
"Crustaceans, raw, alaska king, crab",100,84,0.6,0.1,42,0,18.29,0.0,0.0,0.0,Yes,Yes,Yes,Yes
"Oranges, valencias, California, raw",100,49,0.3,0.0,0,0,1.04,11.89,2.5,0.0,Yes,Yes,Yes,No
"Cowpeas, raw, mature seeds, catjang",100,343,2.1,0.5,0,0,23.85,59.64,10.7,0.0,Yes,Yes,Yes,No
"Walrus, raw (Alaska Native), liver",100,125,3.0,0.0,0,0,21.0,3.5,0.0,0.0,Yes,Yes,Yes,Yes
"Grapefruit, California, white, raw",100,37,0.1,0.0,0,0,0.88,9.09,0.0,0.0,Yes,Yes,Yes,Yes
"Potatoes, raw, flesh and skin, red",100,70,0.1,0.0,0,0,1.89,15.9,1.7,1.29,Yes,Yes,Yes,No
"Acerola, raw, (west indian cherry)",100,32,0.3,0.1,0,0,0.4,7.69,1.1,0.0,Yes,Yes,Yes,Yes
"English muffins, whole grain white",100,245,1.8,0.0,0,0,7.02,50.17,3.5,1.75,Yes,Yes,Yes,No
"Huckleberries, raw (Alaska Native)",100,37,0.1,0.0,0,0,0.4,8.7,0.0,0.0,Yes,Yes,Yes,Yes
"Chicken, raw, all classes, gizzard",100,94,2.1,0.5,240,0,17.66,0.0,0.0,0.0,No,No,Yes,Yes
"Duck, raw, meat only, domesticated",100,135,6.0,2.3,77,0,18.28,0.94,0.0,0.0,No,No,Yes,Yes
"Duck, raw, meat only, breast, wild",100,123,4.3,1.3,77,0,19.85,0.0,0.0,0.0,No,No,Yes,Yes
"Artichokes, raw, (globe or french)",100,47,0.2,0.0,0,0,3.27,10.51,5.4,0.99,Yes,Yes,Yes,No
"Squash, raw, all varieties, summer",100,16,0.2,0.0,0,0,1.21,3.35,1.1,2.2,Yes,Yes,Yes,Yes
"Squash, raw, all varieties, winter",100,34,0.1,0.0,0,0,0.95,8.59,1.5,2.2,Yes,Yes,Yes,Yes
"Crackers, reduced fat, whole-wheat",100,416,7.6,1.1,0,0,11.34,75.52,10.9,1.22,Yes,Yes,No,No
"Salmonberries, raw (Alaska Native)",100,47,0.3,0.0,0,0,0.85,10.05,1.9,3.66,Yes,Yes,Yes,No
"Gourd, raw, dishcloth (towelgourd)",100,20,0.2,0.0,0,0,1.2,4.35,1.1,2.02,Yes,Yes,Yes,Yes
"Kefir, LIFEWAY, strawberry, lowfat",100,62,0.9,0.5,5,0,3.39,10.2,0.0,9.21,Yes,Yes,Yes,No
"Turkey from whole, raw, light meat",100,114,1.5,0.3,57,0,23.66,0.14,0.0,0.05,No,No,Yes,Yes
"Fish, raw, farmed, rainbow, trout",100,141,6.2,1.4,59,0,19.94,0.0,0.0,0.0,No,No,Yes,Yes
"Walrus, raw (Alaska Native), meat",100,199,14.0,2.6,80,0,19.2,0.0,0.0,0.0,No,No,Yes,Yes
"Grapefruit, all areas, white, raw",100,33,0.1,0.0,0,0,0.69,8.41,1.1,7.31,Yes,Yes,Yes,Yes
"Peas, raw, sprouted, mature seeds",100,124,0.7,0.1,0,0,8.8,27.11,0.0,0.0,Yes,Yes,Yes,No
"Fish, raw, wild, channel, catfish",100,95,2.8,0.7,58,0,16.38,0.0,0.0,0.0,No,No,Yes,Yes
"Turkey, raw, all classes, gizzard",100,111,3.4,0.9,271,0,18.8,0.0,0.0,0.0,No,No,Yes,Yes
"Chicken, raw, meat only, roasting",100,111,2.7,0.7,65,0,20.33,0.0,0.0,0.0,No,No,Yes,Yes
"Fish, raw, wild, Atlantic, salmon",100,142,6.3,1.0,55,0,19.84,0.0,0.0,0.0,No,No,Yes,Yes
"Caribou, raw (Alaska Native), eye",100,326,31.0,0.0,0,0,10.8,0.0,0.0,0.0,Yes,Yes,Yes,Yes
"Yogurt, nonfat, strawberry, Greek",100,82,0.2,0.1,4,0,8.05,12.07,0.6,11.27,No,Yes,Yes,No
"Yogurt, lowfat, strawberry, Greek",100,103,2.6,1.6,12,0,8.17,11.89,1.0,11.23,No,Yes,Yes,No
"Crustaceans, raw, dungeness, crab",100,86,1.0,0.1,59,0,17.41,0.74,0.0,0.0,Yes,Yes,Yes,Yes
"Fish, raw, yellowfin, fresh, tuna",100,109,0.5,0.2,39,0,24.4,0.0,0.0,0.0,No,No,Yes,Yes
"Seeds, dried, whole, sesame seeds",100,573,50.0,7.0,0,0,17.73,23.45,11.8,0.3,Yes,Yes,Yes,No
"Seeds, dried, breadnut tree seeds",100,367,1.7,0.5,0,0,8.62,79.39,14.9,0.0,Yes,Yes,No,No
"Peppers, freeze-dried, red, sweet",100,314,3.0,0.4,0,0,17.9,68.7,21.3,40.77,Yes,Yes,Yes,No
"Turkey, raw, meat and skin, whole",100,143,5.6,1.5,72,0,21.64,0.13,0.0,0.07,No,No,Yes,Yes
"Yardlong beans, raw, mature seeds",100,347,1.3,0.3,0,0,24.33,61.91,11.0,0.0,Yes,Yes,Yes,No
"Winged beans, raw, immature seeds",100,49,0.9,0.2,0,0,6.95,4.31,0.0,0.0,Yes,Yes,Yes,Yes
"Mollusks, raw, unspecified, whelk",100,137,0.4,0.0,65,0,23.84,7.76,0.0,0.0,Yes,Yes,Yes,Yes
SILK Banana-Strawberry soy yogurt,100,88,1.2,0.0,0,0,2.35,17.06,0.6,10.59,No,Yes,Yes,No
"Moose, raw (Alaska Native), meat",100,103,1.5,0.2,54,0,22.3,0.0,0.0,0.0,No,No,Yes,Yes
"Beans, raw, mature seeds, yellow",100,345,2.6,0.7,0,0,22.0,60.7,25.1,0.0,Yes,Yes,Yes,No
"Pheasant, raw, meat only, breast",100,133,3.3,1.1,58,0,24.37,0.0,0.0,0.0,No,No,Yes,Yes
"Fish, raw, Atlantic, ocean perch",100,79,1.5,0.3,52,0,15.31,0.0,0.0,0.0,No,No,Yes,Yes
"Nuts, dried, japanese, chestnuts",100,360,1.2,0.2,0,0,5.25,81.43,0.0,0.0,Yes,Yes,Yes,No
"Fish, raw, skipjack, fresh, tuna",100,103,1.0,0.3,47,0,22.0,0.0,0.0,0.0,No,No,Yes,Yes
"Fish, raw, pumpkin seed, sunfish",100,89,0.7,0.1,67,0,19.4,0.0,0.0,0.0,No,No,Yes,Yes
"Chicken, raw, all classes, liver",100,119,4.8,1.6,345,0,16.92,0.73,0.0,0.0,No,No,Yes,Yes
"Chicken, raw, all classes, heart",100,153,9.3,2.7,136,0,15.55,0.71,0.0,0.0,No,No,Yes,Yes
"Coriander (cilantro) leaves, raw",100,23,0.5,0.0,0,0,2.13,3.67,2.8,0.87,Yes,Yes,Yes,Yes
"Chicken, raw, meat only, stewing",100,148,6.3,1.6,63,0,21.26,0.0,0.0,0.0,No,No,Yes,Yes
"Mashu roots, raw (Alaska Native)",100,135,2.4,0.0,0,0,5.8,22.6,0.0,0.0,Yes,Yes,Yes,No
"Succotash, raw, (corn and limas)",100,99,1.0,0.2,0,0,5.03,19.59,3.8,0.0,Yes,Yes,Yes,No
"Cabbage, raw, chinese (pak-choi)",100,13,0.2,0.0,0,0,1.5,2.18,1.0,1.18,Yes,Yes,Yes,Yes
"Salsify, raw, (vegetable oyster)",100,82,0.2,0.0,0,0,3.3,18.6,3.3,0.0,Yes,Yes,Yes,No
"Passion-fruit juice, raw, yellow",100,60,0.2,0.0,0,0,0.67,14.45,0.2,14.25,Yes,Yes,Yes,No
"Yogurt, whole milk, plain, Greek",100,97,5.0,2.4,13,0,9.0,3.98,0.0,4.0,No,Yes,Yes,Yes
"Beans, raw, mature seeds, french",100,343,2.0,0.2,0,0,18.81,64.11,25.2,0.0,Yes,Yes,Yes,No
"Beans, raw, mature seeds, adzuki",100,329,0.5,0.2,0,0,19.87,62.9,12.7,0.0,Yes,Yes,Yes,No
"Passion-fruit juice, raw, purple",100,51,0.1,0.0,0,0,0.39,13.6,0.2,13.4,Yes,Yes,Yes,No
"Cherries, sweetened, dried, tart",100,333,0.7,0.1,0,0,1.25,80.45,2.5,67.15,Yes,Yes,Yes,No
"Beans, raw, mature seeds, white",100,333,0.9,0.2,0,0,23.36,60.27,15.2,2.11,Yes,Yes,Yes,No
"Corn flour, yellow, whole-grain",100,361,3.9,0.5,0,0,6.93,76.85,7.3,0.64,Yes,Yes,No,No
"Grapefruit, Florida, white, raw",100,32,0.1,0.0,0,0,0.63,8.19,0.0,0.0,Yes,Yes,Yes,Yes
"Nuts, dried, chinese, chestnuts",100,363,1.8,0.3,0,0,6.82,79.76,0.0,0.0,Yes,Yes,Yes,No
"Turkey, raw, all classes, heart",100,140,7.4,1.9,225,0,16.7,0.4,0.0,0.0,No,No,Yes,Yes
"Turkey, raw, all classes, liver",100,128,5.5,1.7,415,0,18.26,0.0,0.0,0.0,No,No,Yes,Yes
"Lima beans, raw, immature seeds",100,113,0.9,0.2,0,0,6.84,20.17,4.9,1.48,Yes,Yes,Yes,No
"Chicken, raw, giblets, roasting",100,127,5.0,1.5,236,0,18.14,1.14,0.0,0.0,No,No,Yes,Yes
"Beans, raw, mature seeds, black",100,341,1.4,0.4,0,0,21.6,62.36,15.5,2.12,Yes,Yes,Yes,No
"Seeds, raw, breadnut tree seeds",100,217,1.0,0.3,0,0,5.97,46.28,0.0,0.0,Yes,Yes,No,No
"Broadbeans, raw, immature seeds",100,72,0.6,0.1,0,0,5.6,11.7,4.2,0.0,Yes,Yes,Yes,No
"Fish, raw, farmed, coho, salmon",100,160,7.7,1.8,51,0,21.27,0.0,0.0,0.0,No,No,Yes,Yes
"Pork, raw, separable fat, fresh",100,632,66.0,22.0,72,0,9.25,0.0,0.0,0.0,No,No,Yes,Yes
"Pigeonpeas, raw, immature seeds",100,136,1.6,0.4,0,0,7.2,23.88,5.1,3.0,Yes,Yes,Yes,No
"Crackers, low salt, whole-wheat",100,443,17.0,3.4,0,0,8.8,68.6,10.5,0.37,Yes,Yes,No,No
"Squab, raw, meat only, (pigeon)",100,142,7.5,2.0,90,0,17.5,0.0,0.0,0.0,No,No,Yes,Yes
"Winged beans, raw, mature seeds",100,409,16.0,2.3,0,0,29.65,41.71,25.9,0.0,Yes,Yes,Yes,No
"Fish, raw, bluefin, fresh, tuna",100,144,4.9,1.3,38,0,23.33,0.0,0.0,0.0,No,No,Yes,Yes
"Fish, raw, wild, rainbow, trout",100,119,3.5,0.7,59,0,20.48,0.0,0.0,0.0,No,No,Yes,Yes
"Cabbage, raw, chinese (pe-tsai)",100,16,0.2,0.0,0,0,1.2,3.23,1.2,1.41,Yes,Yes,Yes,Yes
"Milk, whole, fluid, buttermilk",100,62,3.3,1.9,11,0,3.21,4.88,0.0,4.88,No,Yes,Yes,Yes
"Mungo beans, raw, mature seeds",100,341,1.6,0.1,0,0,25.21,58.99,18.3,0.0,Yes,Yes,Yes,No
"Beans, raw, mature seeds, pink",100,343,1.1,0.3,0,0,20.96,64.19,12.7,2.14,Yes,Yes,Yes,No
"Guinea hen, raw, meat and skin",100,158,6.5,1.8,74,0,23.4,0.0,0.0,0.0,No,No,Yes,Yes
"Peppers, raw, green, hot chili",100,40,0.2,0.0,0,0,2.0,9.46,1.5,5.1,Yes,Yes,Yes,Yes
"Squash, raw, butternut, winter",100,45,0.1,0.0,0,0,1.0,11.69,2.0,2.2,Yes,Yes,Yes,No
"Corn flour, white, whole-grain",100,361,3.9,0.5,0,0,6.93,76.85,7.3,0.64,Yes,Yes,No,No
"Rice, raw, medium-grain, brown",100,362,2.7,0.5,0,0,7.5,76.17,3.4,0.0,Yes,Yes,Yes,No
"Kiwifruit, raw, ZESPRI SunGold",100,63,0.3,0.1,0,0,1.02,15.79,1.4,12.3,Yes,Yes,Yes,No
"Egg, raw, fresh, whole, turkey",100,171,12.0,3.6,933,0,13.68,1.15,0.0,0.0,No,No,Yes,Yes
"Mollusks, raw, common, octopus",100,82,1.0,0.2,48,0,14.91,2.2,0.0,0.0,Yes,Yes,Yes,Yes
"Pitanga, raw, (surinam-cherry)",100,33,0.4,0.0,0,0,0.8,7.49,0.0,0.0,Yes,Yes,Yes,Yes
"Beans, raw, mature seeds, navy",100,337,1.5,0.2,0,0,22.33,60.75,15.3,3.88,Yes,Yes,Yes,No
"Broccoli, raw, flower clusters",100,28,0.4,0.1,0,0,2.98,5.06,2.3,1.48,Yes,Yes,Yes,Yes
"Fast foods, strawberry, sundae",100,175,5.1,2.4,14,0,4.09,29.18,0.0,0.0,Yes,Yes,Yes,No
"Chicken, raw, giblets, stewing",100,168,9.2,2.6,240,0,17.89,2.13,0.0,0.0,No,No,Yes,Yes
"Squash, raw, spaghetti, winter",100,31,0.6,0.1,0,0,0.64,6.91,1.5,2.76,Yes,Yes,Yes,Yes
"Duck, raw, liver, domesticated",100,136,4.6,1.4,515,0,18.74,3.53,0.0,0.0,No,No,Yes,Yes
"Duck, raw, meat and skin, wild",100,211,15.0,5.0,80,0,17.42,0.0,0.0,0.0,No,No,Yes,Yes
"Nuts, dried, pinyon, pine nuts",100,629,61.0,9.4,0,0,11.57,19.3,10.7,0.0,Yes,Yes,Yes,No
"Game meat , raw, ground, bison",100,223,16.0,6.8,70,0,18.67,0.0,0.0,0.0,No,No,Yes,Yes
"Mollusks, raw, Pacific, oyster",100,81,2.3,0.5,50,0,9.45,4.95,0.0,0.0,Yes,Yes,Yes,Yes
"Game meat, raw, water, buffalo",100,99,1.4,0.5,46,0,20.39,0.0,0.0,0.0,No,No,Yes,Yes
"Nuts, raw, japanese, chestnuts",100,154,0.5,0.1,0,0,2.25,34.91,0.0,0.0,Yes,Yes,Yes,No
"Cheese, whole milk, mozzarella",100,300,22.0,13.0,79,0,22.17,2.19,0.0,1.03,No,Yes,Yes,Yes
"Mung beans, raw, mature seeds",100,347,1.2,0.3,0,0,23.86,62.62,16.3,6.6,Yes,Yes,Yes,No
"Sugar-apples, raw, (sweetsop)",100,94,0.3,0.0,0,0,2.06,23.64,4.4,0.0,Yes,Yes,Yes,No
"Pheasant, raw, meat only, leg",100,134,4.3,1.5,80,0,22.2,0.0,0.0,0.0,No,No,Yes,Yes
"Nuts, raw, chinese, chestnuts",100,224,1.1,0.2,0,0,4.2,49.07,0.0,0.0,Yes,Yes,Yes,No
"Cornmeal, yellow, whole-grain",100,362,3.6,0.5,0,0,8.12,76.89,7.3,0.64,Yes,Yes,Yes,No
"Fish, raw, Greenland, halibut",100,186,14.0,2.4,46,0,14.37,0.0,0.0,0.0,No,No,Yes,Yes
"Pokeberry shoots, raw, (poke)",100,23,0.4,0.0,0,0,2.6,3.7,1.7,0.0,Yes,Yes,Yes,Yes
"Potatoes, raw, flesh and skin",100,77,0.1,0.0,0,0,2.05,17.49,2.1,0.82,Yes,Yes,Yes,No
"McDONALD'S, Strawberry Sundae",100,158,4.0,2.0,13,0,3.19,28.09,0.0,25.32,Yes,Yes,Yes,No
"Peppers, sun-dried, hot chile",100,324,5.8,0.8,0,0,10.58,69.86,28.7,41.06,Yes,Yes,Yes,No
"Bear, raw (Alaska Native), meat, polar",100,130,3.1,0.6,0,0,25.6,0.0,0.0,0.0,No,No,Yes,Yes
"Nuts, peeled, dried, european, chestnuts",100,369,3.9,0.7,0,0,5.01,78.43,0.0,0.0,Yes,Yes,Yes,No
"Cowpeas (blackeyes), raw, immature seeds",100,90,0.4,0.1,0,0,2.95,18.83,5.0,3.0,Yes,Yes,Yes,No
"Beef, raw, inside, imported, New Zealand",100,128,4.4,1.5,55,0,22.16,0.1,0.0,0.0,No,No,Yes,Yes
"Veal, raw, separable lean and fat, shank",100,107,3.3,1.2,63,0,19.28,0.0,0.0,0.0,No,No,Yes,Yes
"Whale, raw (Alaska Native), meat, beluga",100,111,0.5,0.1,80,0,26.5,0.0,0.0,0.0,No,No,Yes,Yes
"Lamb, raw, testes, imported, New Zealand",100,68,2.4,0.8,393,0,11.4,0.14,0.0,0.0,No,No,Yes,Yes
"Beans, raw, mature seeds, great northern",100,339,1.1,0.4,0,0,21.86,62.37,20.2,2.26,Yes,Yes,Yes,No
"Lamb, raw, brains, imported, New Zealand",100,118,8.0,1.0,2100,0,11.33,0.0,0.0,0.0,No,No,Yes,Yes
"Turkey from whole, raw, meat only, neck",100,125,6.0,1.6,115,0,16.51,0.0,0.0,0.0,No,No,Yes,Yes
"Veal, raw, separable lean only, sirloin",100,110,2.6,0.8,79,0,20.2,0.0,0.0,0.0,No,No,Yes,Yes
"Lamb, raw, liver, imported, New Zealand",100,136,4.9,1.5,386,0,20.7,2.22,0.0,0.0,No,No,Yes,Yes
"Fish, New York State, raw, brook, trout",100,110,2.7,0.6,60,0,21.23,0.0,0.0,0.0,No,No,Yes,Yes
"Beverages, strawberry, fast food, shake",100,113,2.8,1.7,11,0,3.4,18.9,0.4,0.0,Yes,Yes,Yes,No
"Avocados, all commercial varieties, raw",100,160,15.0,2.1,0,0,2.0,8.53,6.7,0.66,Yes,Yes,Yes,Yes
"Owl, raw (Alaska Native), flesh, horned",100,136,5.0,0.0,0,0,22.7,0.0,0.0,0.0,Yes,Yes,Yes,Yes
"Mung beans, raw, sprouted, mature seeds",100,30,0.2,0.0,0,0,3.04,5.94,1.8,4.13,Yes,Yes,Yes,Yes
"Goose, raw, meat and skin, domesticated",100,371,34.0,9.8,80,0,15.86,0.0,0.0,0.0,No,No,Yes,Yes
"Fish, raw (Alaska Native), Chum, Salmon",100,116,3.7,0.5,59,0,20.69,0.0,0.0,0.0,No,No,Yes,Yes
"Veal, raw, separable lean and fat, loin",100,177,10.0,3.6,59,0,20.07,0.07,0.0,0.0,No,No,Yes,Yes
"Blackberries, raw (Alaska Native), wild",100,52,1.1,0.0,0,0,0.84,9.84,3.2,3.65,Yes,Yes,Yes,Yes
"Lamb, raw, heart, imported, New Zealand",100,105,3.7,1.0,119,0,18.09,0.0,0.0,0.0,No,No,Yes,Yes
"Cabbage, pickled, fresh, japanese style",100,30,0.1,0.0,0,0,1.6,5.67,3.1,1.3,Yes,Yes,Yes,Yes
"Yogurt, DANNON OIKOS, strawberry, Greek",100,106,2.9,1.8,13,0,8.25,11.67,1.0,11.0,No,Yes,Yes,No
"Mollusks, raw, farmed, eastern, oyster",100,59,1.6,0.4,25,0,5.22,5.53,0.0,0.0,Yes,Yes,Yes,Yes
"Grapefruit, Florida, pink and red, raw",100,30,0.1,0.0,0,0,0.55,7.5,1.1,0.0,Yes,Yes,Yes,Yes
"Grapes, raw, american type (slip skin)",100,67,0.4,0.1,0,0,0.63,17.15,0.9,16.25,Yes,Yes,Yes,No
"Duck, raw, meat and skin, domesticated",100,404,39.0,13.0,76,0,11.49,0.0,0.0,0.0,No,No,Yes,Yes
"Veal, raw, separable lean and fat, rib",100,162,9.0,3.7,82,0,18.86,0.0,0.0,0.0,No,No,Yes,Yes
"Beans, raw, mature seeds, black turtle",100,339,0.9,0.2,0,0,21.25,63.25,15.5,2.12,Yes,Yes,Yes,No
"Fish, dried (Alaska Native), whitefish",100,371,13.0,2.9,266,0,62.44,0.0,0.0,0.0,No,No,Yes,Yes
"Blueberries, raw (Alaska Native), wild",100,61,0.8,0.0,0,0,1.22,12.31,2.6,6.46,Yes,Yes,Yes,No
"Milk, with added vitamin D, whole, dry",100,496,27.0,17.0,97,0,26.32,38.42,0.0,38.42,No,Yes,Yes,No
"Nuts, peeled, raw, european, chestnuts",100,196,1.3,0.2,0,0,1.63,44.17,0.0,0.0,Yes,Yes,Yes,No
"Beef, raw, brisket, corned beef, cured",100,198,15.0,4.7,54,0,14.68,0.14,0.0,0.0,No,No,Yes,No
"Fish, whole (Alaska Native), blackfish",100,82,1.8,0.0,0,0,15.5,0.0,0.0,0.0,No,No,Yes,Yes
"Oranges, all commercial varieties, raw",100,47,0.1,0.0,0,0,0.94,11.75,2.4,9.35,Yes,Yes,Yes,No
"Beverages, Kiwi Strawberry Juice Drink",100,47,0.0,0.0,0,0,0.0,12.26,0.0,11.63,Yes,Yes,Yes,No
"English muffins, toasted, whole-wheat",100,221,2.3,0.4,0,0,9.6,44.1,7.3,8.79,Yes,Yes,No,No
"Beef, raw, separable fat, retail cuts",100,674,71.0,29.0,99,0,8.21,0.0,0.0,0.0,No,No,Yes,Yes
"Pineapple, traditional varieties, raw",100,45,0.1,0.0,0,0,0.55,11.82,0.0,8.29,Yes,Yes,Yes,No
"Apples, with skin, red delicious, raw",100,59,0.2,0.0,0,0,0.27,14.06,2.3,10.48,Yes,Yes,Yes,No
"Peas, raw, mature seeds, split, green",100,352,1.2,0.2,0,0,23.82,63.74,25.5,8.0,Yes,Yes,Yes,No
"Beans, raw, mature seeds, small white",100,336,1.2,0.3,0,0,21.11,62.25,24.9,0.0,Yes,Yes,Yes,No
"Fish, dried and salted, Atlantic, cod",100,290,2.4,0.5,152,0,62.82,0.0,0.0,0.0,No,No,Yes,Yes
"Potatoes, raw, flesh and skin, russet",100,79,0.1,0.0,0,0,2.14,18.07,1.3,0.62,Yes,Yes,Yes,No
"Waterchestnuts, raw, (matai), chinese",100,97,0.1,0.0,0,0,1.4,23.94,3.0,4.8,Yes,Yes,Yes,No
"Ground turkey, raw, 15% fat, 85% lean",100,180,13.0,3.4,78,0,16.9,0.0,0.0,0.0,No,No,Yes,Yes
"Seeds, dried, watermelon seed kernels",100,557,47.0,9.8,0,0,28.33,15.31,0.0,0.0,Yes,Yes,Yes,No
"Gourd, raw, white-flowered (calabash)",100,14,0.0,0.0,0,0,0.62,3.39,0.5,0.0,Yes,Yes,Yes,Yes
"Veal, raw, separable lean only, shank",100,94,1.6,0.6,62,0,19.77,0.0,0.0,0.0,No,No,Yes,Yes
"Pork, raw, 84% lean / 16% fat, ground",100,218,16.0,4.9,68,0,17.99,0.44,0.0,0.0,No,No,Yes,Yes
"Beans, raw, mature seeds, red, kidney",100,337,1.1,0.2,0,0,22.53,61.29,15.2,2.1,Yes,Yes,Yes,No
"Balsam-pear (bitter gourd), raw, pods",100,17,0.2,0.0,0,0,1.0,3.7,2.8,0.0,Yes,Yes,Yes,Yes
"Soybeans, raw, sprouted, mature seeds",100,122,6.7,0.9,0,0,13.09,9.57,1.1,0.0,Yes,Yes,Yes,Yes
"Turkey, raw, meat and skin, dark meat",100,161,9.0,2.4,87,0,19.81,0.15,0.0,0.1,No,No,Yes,Yes
"Custard-apple, raw, (bullock's-heart)",100,101,0.6,0.2,0,0,1.7,25.2,2.4,0.0,Yes,Yes,Yes,No
"Bread, whole wheat, french or vienna",100,239,1.0,0.0,0,0,8.33,49.1,4.2,0.0,Yes,Yes,No,No
"Apples, with skin, granny smith, raw",100,58,0.2,0.0,0,0,0.44,13.61,2.8,9.59,Yes,Yes,Yes,No
"Potatoes, raw, flesh and skin, white",100,69,0.1,0.0,0,0,1.68,15.71,2.4,1.15,Yes,Yes,Yes,No
"Ground turkey, raw, 7% fat, 93% lean",100,150,8.3,2.2,74,0,18.73,0.0,0.0,0.0,No,No,Yes,Yes
"KELLOGG'S, Strawberry, Waffles, EGGO",100,265,8.7,2.1,21,0,5.5,41.6,1.1,9.3,No,Yes,Yes,No
"Mollusks, raw, wild, eastern, oyster",100,51,1.7,0.5,40,0,5.71,2.72,0.0,0.62,Yes,Yes,Yes,Yes
"Caribou, raw (Alaska Native), tongue",100,260,23.0,0.0,0,0,13.7,0.0,0.0,0.0,Yes,Yes,Yes,Yes
"Pork, raw, 96% lean / 4% fat, ground",100,121,4.0,1.4,59,0,21.1,0.21,0.0,0.0,No,No,Yes,Yes
"Veal, raw, separable fat, Australian",100,509,52.0,24.0,66,0,9.91,0.0,0.0,0.0,No,No,Yes,Yes
"Seeds, dried, safflower seed kernels",100,517,38.0,3.7,0,0,16.18,34.29,0.0,0.0,Yes,Yes,Yes,No
"Lima beans, raw, mature seeds, large",100,338,0.7,0.2,0,0,21.46,63.38,19.0,8.5,Yes,Yes,Yes,No
"Chicken, raw, meat and skin, stewing",100,258,20.0,5.7,71,0,17.55,0.0,0.0,0.0,No,No,Yes,Yes
"Wheat flour, soft wheat, whole-grain",100,332,2.0,0.4,0,0,9.61,74.48,13.1,1.02,Yes,Yes,No,No
"Veal, raw, separable lean only, loin",100,114,2.9,1.1,55,0,21.85,0.0,0.0,0.0,No,No,Yes,Yes
"Seeds, dried, sunflower seed kernels",100,584,51.0,4.5,0,0,20.78,20.0,8.6,2.62,Yes,Yes,Yes,No
"Swamp cabbage, raw, (skunk cabbage)",100,19,0.2,0.0,0,0,2.6,3.14,2.1,0.0,Yes,Yes,Yes,Yes
"Peppers, freeze-dried, green, sweet",100,314,3.0,0.4,0,0,17.9,68.7,21.3,38.48,Yes,Yes,Yes,No
"Chicken, raw, meat and skin, capons",100,234,17.0,5.0,75,0,18.77,0.0,0.0,0.0,No,No,Yes,Yes
"Veal, raw, separable lean only, rib",100,120,3.9,1.2,83,0,19.97,0.0,0.0,0.0,No,No,Yes,Yes
"Caribou, raw (Alaska Native), liver",100,122,3.9,0.0,0,0,15.0,6.8,0.0,0.0,Yes,Yes,Yes,Yes
"Mustard spinach, raw, (tendergreen)",100,22,0.3,0.0,0,0,2.2,3.9,2.8,0.0,Yes,Yes,Yes,Yes
"Crustaceans, raw, northern, lobster",100,77,0.8,0.2,127,0,16.52,0.0,0.0,0.0,Yes,Yes,Yes,Yes
"Tangerines, raw, (mandarin oranges)",100,53,0.3,0.0,0,0,0.81,13.34,1.8,10.58,Yes,Yes,Yes,No
"Fish, raw (Alaska Native), sheefish",100,115,2.8,0.5,56,0,22.25,0.0,0.0,0.0,No,No,Yes,Yes
"Fish, raw, farmed, Atlantic, salmon",100,208,13.0,3.1,55,0,20.42,0.0,0.0,0.0,No,No,Yes,Yes
"Fish, raw, farmed, channel, catfish",100,119,5.9,1.3,55,0,15.23,0.0,0.0,0.0,No,No,Yes,Yes
"Pineapple, extra sweet variety, raw",100,51,0.1,0.0,0,0,0.53,13.5,1.4,10.32,Yes,Yes,Yes,No
"Goose, raw, meat only, domesticated",100,161,7.1,2.8,84,0,22.75,0.0,0.0,0.0,No,No,Yes,Yes
"Squab, raw, meat and skin, (pigeon)",100,294,24.0,8.4,95,0,18.47,0.0,0.0,0.0,No,No,Yes,Yes
"Hyacinth-beans, raw, immature seeds",100,46,0.2,0.1,0,0,2.1,9.19,3.3,4.08,Yes,Yes,Yes,Yes
"Rice, unenriched, raw, short-grain, white",100,358,0.5,0.1,0,0,6.5,79.15,0.0,0.0,Yes,Yes,Yes,No
"Turkey from whole, raw, meat only, dark meat",100,108,2.5,0.7,79,0,21.28,0.15,0.0,0.1,No,No,Yes,Yes
"Chicken, raw, meat only, dark meat, roasting",100,113,3.6,0.9,72,0,18.74,0.0,0.0,0.0,No,No,Yes,Yes
"Cranberries, raw (Alaska Native), bush, wild",100,55,0.2,0.0,0,0,1.1,12.3,6.7,0.0,Yes,Yes,Yes,No
"Turkey, raw, meat and skin, leg, all classes",100,144,6.7,2.1,71,0,19.54,0.0,0.0,0.0,No,No,Yes,Yes
"Turkey, raw, meat only, back from whole bird",100,113,2.5,0.0,79,0,21.28,0.15,0.0,0.1,No,No,Yes,Yes
"Cereals, dry, whole wheat hot natural cereal",100,342,2.0,0.3,0,0,11.2,75.2,9.5,0.42,Yes,Yes,No,No
"Chicken, raw, meat only, light meat, stewing",100,137,4.2,1.0,47,0,23.1,0.0,0.0,0.0,No,No,Yes,Yes
"Beef, raw, sweetbread, imported, New Zealand",100,303,29.0,12.0,217,0,11.51,0.0,0.0,0.0,No,No,No,No
"UDI'S, Whole Grain Dinner Rolls, Gluten Free",100,329,12.0,1.4,0,0,11.8,44.29,11.2,4.2,Yes,Yes,Yes,No
"Prickly pears, raw (Northern Plains Indians)",100,42,0.1,0.0,0,0,0.12,10.17,5.3,1.02,Yes,Yes,Yes,No
"Lambsquarters, raw (Northern Plains Indians)",100,47,0.3,0.0,0,0,4.21,6.96,6.3,0.0,No,No,Yes,Yes
"Squash, raw, includes skin, zucchini, summer",100,17,0.3,0.1,0,0,1.21,3.11,1.0,2.5,Yes,Yes,Yes,Yes
"Lamb, raw, sweetbread, imported, New Zealand",100,72,3.2,1.6,160,0,11.0,0.0,0.0,0.0,No,No,No,No
"Cheese, low moisture, whole milk, mozzarella",100,318,25.0,16.0,89,0,21.6,2.47,0.0,1.01,No,Yes,Yes,Yes
"Chicken, raw, skin only, broilers or fryers",100,349,32.0,9.1,109,0,13.33,0.0,0.0,0.0,No,No,No,Yes
"Chicken, raw, meat only, broilers or fryers",100,119,3.1,0.8,70,0,21.39,0.0,0.0,0.0,No,No,No,Yes
"Turkey, raw, meat only, thigh, retail parts",100,116,3.7,0.8,78,0,20.6,0.0,0.0,0.0,No,No,Yes,Yes
"Chicken, raw, meat only, dark meat, stewing",100,157,8.1,2.1,77,0,19.7,0.0,0.0,0.0,No,No,Yes,Yes
"PEPPERIDGE FARM, Whole Grain 15 Grain Bread",100,270,4.9,0.9,0,0,0.01,45.8,10.7,6.5,Yes,Yes,No,No
"Beans, raw, mature seeds, royal red, kidney",100,329,0.5,0.1,0,0,25.33,58.33,24.9,0.0,Yes,Yes,Yes,No
"Beans, raw, mature seeds, cranberry (roman)",100,335,1.2,0.3,0,0,23.03,60.05,24.7,0.0,Yes,Yes,Yes,No
"Tomatoes, drained, packed in oil, sun-dried",100,213,14.0,1.9,0,0,5.06,23.33,5.8,0.0,Yes,Yes,Yes,No
"Balsam-pear (bitter gourd), raw, leafy tips",100,30,0.7,0.0,0,0,5.3,3.29,0.0,0.0,Yes,Yes,Yes,Yes
"Fireweed, raw (Alaska Native), young leaves",100,44,0.8,0.0,0,0,3.0,6.3,6.0,0.0,Yes,Yes,Yes,Yes
"Whale, raw (Alaska Native), flipper, beluga",100,271,22.0,0.0,0,0,19.0,0.0,0.0,0.0,Yes,Yes,Yes,Yes
"Beans, raw, mature seeds, all types, kidney",100,333,0.8,0.1,0,0,23.58,60.01,24.9,2.23,Yes,Yes,Yes,No
"Turkey, raw, meat only, wing, retail parts",100,112,2.5,0.5,66,0,22.48,0.0,0.0,0.0,No,No,Yes,Yes
"Broadbeans (fava beans), raw, mature seeds",100,341,1.5,0.3,0,0,26.12,58.29,25.0,5.7,Yes,Yes,Yes,No
"Beef, raw, 90% lean meat / 10% fat, ground",100,176,10.0,3.9,65,0,20.0,0.0,0.0,0.0,No,No,Yes,Yes
"Beef, raw, 85% lean meat / 15% fat, ground",100,215,15.0,5.7,68,0,18.59,0.0,0.0,0.0,No,No,Yes,Yes
"Deer (venison), raw (Alaska Native), sitka",100,116,2.7,0.6,18,0,21.5,0.0,0.0,0.0,Yes,Yes,Yes,Yes
"Rice, unenriched, raw, medium-grain, white",100,360,0.6,0.2,0,0,6.61,79.34,0.0,0.0,Yes,Yes,Yes,No
"Chicken, raw, meat only, cornish game hens",100,116,3.3,0.9,91,0,20.04,0.0,0.0,0.0,No,No,Yes,No
"Beef, raw, 70% lean meat / 30% fat, ground",100,332,30.0,12.0,78,0,14.35,0.0,0.0,0.0,No,No,Yes,Yes
"Yogurt, CHOBANI, strawberry, nonfat, Greek",100,80,0.1,0.1,0,0,8.03,11.62,0.7,10.86,No,Yes,Yes,No
"Veal, raw, separable lean and fat, sirloin",100,152,7.8,3.4,78,0,19.07,0.0,0.0,0.0,No,No,Yes,Yes
"Whale, dried (Alaska Native), meat, beluga",100,327,5.3,1.2,122,0,69.86,0.0,0.0,0.0,No,No,Yes,Yes
"Game meat, raw, separable lean only, bison",100,109,1.8,0.7,62,0,21.62,0.0,0.0,0.0,No,No,Yes,Yes
"Game meat, raw, composite of cuts, beefalo",100,143,4.8,2.0,44,0,23.3,0.0,0.0,0.0,No,No,Yes,Yes
"Beef, raw, 75% lean meat / 25% fat, ground",100,293,25.0,9.6,75,0,15.76,0.0,0.0,0.0,No,No,Yes,Yes
"Beef, raw, 80% lean meat / 20% fat, ground",100,254,20.0,7.6,71,0,17.17,0.0,0.0,0.0,No,No,Yes,Yes
"Candies, TWIZZLERS Strawberry Twists Candy",100,348,2.3,0.0,0,0,2.56,79.16,0.0,39.64,Yes,Yes,Yes,No
"PEPPERIDGE FARM, Whole Grain Oatmeal Bread",100,258,3.7,0.9,0,0,0.01,46.5,9.8,7.2,Yes,Yes,No,No
"Beans, raw, sprouted, mature seeds, kidney",100,29,0.5,0.1,0,0,4.2,4.1,0.0,0.0,Yes,Yes,Yes,Yes
"Chicken, raw, skin (drumsticks and thighs)",100,440,44.0,12.0,105,0,9.58,0.79,0.0,0.0,No,No,Yes,Yes
"Nuts, unpeeled, dried, european, chestnuts",100,374,4.5,0.8,0,0,6.39,77.31,11.7,0.0,Yes,Yes,Yes,No
"Mushrooms, raw, or crimini, italian, brown",100,22,0.1,0.0,0,0,2.5,4.3,0.6,1.72,Yes,Yes,Yes,Yes
"Milk, without added vitamin D, whole, dry",100,496,27.0,17.0,97,0,26.32,38.42,0.0,38.42,No,Yes,Yes,No
"Seeds, dried, whole, sisymbrium sp. seeds",100,318,4.6,0.9,0,0,12.14,58.26,0.0,0.0,Yes,Yes,Yes,No
"Beans, raw, sprouted, mature seeds, pinto",100,62,0.9,0.1,0,0,5.25,11.6,0.0,0.0,Yes,Yes,Yes,No
"Pigeon peas (red gram), raw, mature seeds",100,343,1.5,0.3,0,0,21.7,62.78,15.0,0.0,Yes,Yes,Yes,No
"Ruffed Grouse, raw, skinless, breast meat",100,112,0.9,0.1,40,0,25.94,0.0,0.0,0.0,No,No,Yes,Yes
"Caribou, raw (Alaska Native), bone marrow",100,786,84.0,0.0,0,0,6.7,0.0,0.0,0.0,Yes,Yes,Yes,Yes
"Chicken, raw, giblets, broilers or fryers",100,124,4.5,1.4,262,0,17.88,1.8,0.0,0.0,No,No,No,Yes
"Beef, raw, 95% lean meat / 5% fat, ground",100,137,5.0,2.2,62,0,21.41,0.0,0.0,0.0,No,No,Yes,Yes
"Waxgourd, raw, (chinese preserving melon)",100,13,0.2,0.0,0,0,0.4,3.0,2.9,0.0,Yes,Yes,Yes,Yes
"Beef, raw, 93% lean meat / 7% fat, ground",100,152,7.0,2.9,63,0,20.85,0.0,0.0,0.0,No,No,Yes,Yes
"Beef, raw, 97% lean meat / 3% fat, ground",100,121,3.0,1.5,60,0,21.98,0.0,0.0,0.0,No,No,Yes,Yes
"Fish, dried (Alaska Native), chum, salmon",100,378,14.0,2.4,214,0,62.09,0.0,0.0,0.0,No,No,Yes,Yes
"Whale, raw (Alaska Native), liver, beluga",100,117,3.9,0.0,0,0,18.4,2.0,0.0,0.0,Yes,Yes,Yes,Yes
"Bread, multi-grain (includes whole-grain)",100,265,4.2,0.9,0,0,13.36,43.34,7.4,6.39,Yes,Yes,No,No
"KEEBLER, Saltines with Whole Wheat, ZESTA",100,416,9.6,1.4,0,0,8.4,75.1,3.2,2.1,Yes,Yes,No,No
"Leeks, raw, (bulb and lower leaf-portion)",100,61,0.3,0.0,0,0,1.5,14.15,1.8,3.9,Yes,Yes,Yes,No
"Nuts, unpeeled, raw, european, chestnuts",100,213,2.3,0.4,0,0,2.42,45.54,8.1,0.0,Yes,Yes,Yes,No
"Fish, raw, Atlantic and Pacific, halibut",100,91,1.3,0.3,49,0,18.56,0.0,0.0,0.0,No,No,Yes,Yes
"Canada Goose, raw, skinless, breast meat",100,133,4.0,0.6,80,0,24.31,0.0,0.0,0.0,No,No,Yes,Yes
"Rolls, whole wheat, hamburger or hot dog",100,269,4.4,0.9,0,0,12.38,44.93,6.1,5.92,No,No,No,No
"Grapefruit, all areas, pink and red, raw",100,42,0.1,0.0,0,0,0.77,10.66,1.6,6.89,Yes,Yes,Yes,No
"Mushrooms, drained solids, canned, straw",100,32,0.7,0.1,0,0,3.83,4.64,2.5,0.0,Yes,Yes,Yes,Yes
"Apples, with skin, golden delicious, raw",100,57,0.2,0.0,0,0,0.28,13.6,2.4,10.04,Yes,Yes,Yes,No
"Lamb, raw, kidney, imported, New Zealand",100,84,2.5,0.8,369,0,15.21,0.03,0.0,0.0,No,No,Yes,Yes
"Passion-fruit, raw, purple, (granadilla)",100,97,0.7,0.1,0,0,2.2,23.38,10.4,11.2,Yes,Yes,Yes,No
"Beans, raw, sprouted, mature seeds, navy",100,67,0.7,0.1,0,0,6.15,13.05,0.0,0.0,Yes,Yes,Yes,No
"Rice, enriched, raw, medium-grain, white",100,360,0.6,0.2,0,0,6.61,79.34,1.4,0.0,Yes,Yes,Yes,No
"Fish, raw (Alaska Native), meat, lingcod",100,79,0.8,0.0,0,0,17.9,0.0,0.0,0.0,No,No,Yes,Yes
"Turkey, raw, meat and skin, breast, all classes",100,157,7.0,1.9,65,0,21.89,0.0,0.0,0.0,No,No,Yes,Yes
"Turkey, roasted, meat only, from whole bird, wing",100,147,2.1,0.6,80,0,30.13,0.0,0.0,0.0,No,No,Yes,Yes
"PEPPERIDGE FARM, 100% Whole Wheat Hamburger Buns",100,257,3.1,0.8,1,0,0.01,43.2,5.9,5.1,No,No,No,No
"Veal, raw, thymus, variety meats and by-products",100,101,3.1,0.8,250,0,17.21,0.0,0.0,0.0,No,No,Yes,Yes
"Veal, raw, spleen, variety meats and by-products",100,98,2.2,0.7,340,0,18.3,0.0,0.0,0.0,No,No,Yes,Yes
"Lamb, raw, spleen, variety meats and by-products",100,101,3.1,1.0,250,0,17.2,0.0,0.0,0.0,No,No,Yes,Yes
"Groundcherries, raw, (cape-gooseberries or poha)",100,53,0.7,0.0,0,0,1.9,11.2,0.0,0.0,Yes,Yes,Yes,No
"Beef, raw, thymus, variety meats and by-products",100,236,20.0,7.0,223,0,12.18,0.0,0.0,0.0,No,No,Yes,Yes
"Beef, raw, spleen, variety meats and by-products",100,105,3.0,1.0,263,0,18.3,0.0,0.0,0.0,No,No,Yes,Yes
"Beef, raw, tongue, variety meats and by-products",100,224,16.0,7.0,87,0,14.9,3.68,0.0,0.0,No,No,Yes,Yes
"Lettuce, raw, iceberg (includes crisphead types)",100,14,0.1,0.0,0,0,0.9,2.97,1.2,1.97,Yes,Yes,Yes,Yes
"Fish, raw (Alaska Native), coho (silver), salmon",100,140,5.6,0.9,58,0,22.56,0.0,0.0,0.0,No,No,Yes,Yes
"Beans, raw, mature seeds, california red, kidney",100,330,0.3,0.0,0,0,24.37,59.8,24.9,0.0,Yes,Yes,Yes,No
"Milk, with added vitamin D, 3.25% milkfat, whole",100,61,3.3,1.9,10,0,3.15,4.8,0.0,5.05,No,Yes,Yes,Yes
"Cereals ready-to-eat, KASHI 7 Whole Grain Flakes",100,337,1.5,0.3,0,0,11.0,81.4,11.8,11.3,Yes,Yes,Yes,No
"Veal, raw, tongue, variety meats and by-products",100,131,5.5,2.4,62,0,17.18,1.91,0.0,0.0,No,No,Yes,Yes
"Lamb, raw, tongue, variety meats and by-products",100,222,17.0,6.6,156,0,15.7,0.0,0.0,0.0,No,No,Yes,Yes
"Chicken, raw, meat only, leg, broilers or fryers",100,120,4.2,1.1,91,0,19.16,0.0,0.0,0.0,No,No,No,Yes
"Steelhead trout, flesh (Shoshone Bannock), dried",100,382,8.1,0.8,227,0,77.27,0.0,0.0,0.0,Yes,Yes,Yes,Yes
"Fish, raw (Alaska Native), sockeye (red), salmon",100,153,7.3,1.0,64,0,21.94,0.0,0.0,0.0,No,No,Yes,Yes
"Pasta, as purchased, spinach, fresh-refrigerated",100,289,2.1,0.5,73,0,11.26,55.72,0.0,0.0,Yes,Yes,No,No
"Cereals, dry, Whole Wheat Natural Cereal, QUAKER",100,333,2.0,0.4,0,0,11.8,74.8,9.9,2.0,Yes,Yes,No,No
"Veal, raw, separable lean and fat, arm, shoulder",100,132,5.4,2.3,82,0,19.34,0.0,0.0,0.0,No,No,Yes,Yes
"Fruit juice smoothie, strawberry banana, ODWALLA",100,48,0.3,0.1,0,0,0.5,11.05,0.6,9.9,Yes,Yes,Yes,No
"Lamb, raw, seam fat, fresh, imported, Australian",100,459,44.0,21.0,90,0,15.65,0.0,0.0,0.0,No,No,Yes,Yes
"Pears, with added sugar, stewed, sulfured, dried",100,140,0.3,0.0,0,0,0.86,37.14,5.8,0.0,Yes,Yes,Yes,No
"Seeds, dried (decorticated), sesame seed kernels",100,631,61.0,9.1,0,0,20.45,11.73,11.6,0.48,Yes,Yes,Yes,No
"Beverages, Strawberry Banana, V8 V-FUSION Juices",100,49,0.0,0.0,0,0,0.41,11.79,0.0,10.16,Yes,Yes,Yes,No
"Turkey, raw, meat and skin, breast, retail parts",100,155,7.5,1.8,63,0,21.88,0.0,0.0,0.0,No,No,Yes,Yes
"School Lunch, whole grain breaded, chicken patty",100,246,14.0,2.6,36,0,17.64,12.5,2.3,0.55,No,No,No,No
"Turkey, raw, meat only, drumstick, retail parts",100,118,4.0,1.1,79,0,20.52,0.0,0.0,0.0,No,No,Yes,Yes
"Beef, raw, lungs, variety meats and by-products",100,92,2.5,0.9,242,0,16.2,0.0,0.0,0.0,No,No,Yes,Yes
"Rice, enriched, raw, regular, long-grain, white",100,365,0.7,0.2,0,0,7.13,79.95,1.3,0.12,Yes,Yes,Yes,No
"Lamb, raw, heart, variety meats and by-products",100,122,5.7,2.3,135,0,16.47,0.21,0.0,0.0,No,No,Yes,Yes
"Veal, raw, heart, variety meats and by-products",100,110,4.0,1.1,104,0,17.18,0.08,0.0,0.0,No,No,Yes,Yes
"Lamb, raw, liver, variety meats and by-products",100,139,5.0,1.9,371,0,20.38,1.78,0.0,0.0,No,No,Yes,Yes
"Nuts, toasted, dried (desiccated), coconut meat",100,592,47.0,42.0,0,0,5.3,44.4,0.0,0.0,No,No,Yes,No
"Nuts, creamed, dried (desiccated), coconut meat",100,684,69.0,61.0,0,0,5.3,21.52,0.0,0.0,No,No,Yes,No
"Cereals ready-to-eat, KASHI 7 Whole Grain Puffs",100,336,2.3,0.5,0,0,13.0,78.6,8.0,0.93,Yes,Yes,Yes,No
"Yogurt, DANNON OIKOS, strawberry, nonfat, Greek",100,84,0.2,0.1,0,0,8.03,12.53,0.4,11.63,No,Yes,Yes,No
"Veal, raw, separable lean only, leg (top round)",100,107,1.8,0.5,78,0,21.28,0.0,0.0,0.0,No,No,Yes,Yes
"Beef, raw, brain, variety meats and by-products",100,143,10.0,2.3,3010,0,10.86,1.05,0.0,0.0,No,No,Yes,Yes
"Squash, raw, crookneck and straightneck, summer",100,19,0.3,0.1,0,0,1.01,3.88,1.0,2.88,Yes,Yes,Yes,Yes
"Seeds, roasted and toasted, whole, sesame seeds",100,565,48.0,6.7,0,0,16.96,25.74,14.0,0.0,Yes,Yes,Yes,No
"Turkey, raw, meat only, from whole bird, breast",100,114,1.5,0.3,57,0,23.66,0.14,0.0,0.05,No,No,Yes,Yes
"Turkey, raw, meat and skin, thigh, retail parts",100,161,9.2,2.4,83,0,19.54,0.0,0.0,0.0,No,No,Yes,Yes
"Chicken, raw, meat and skin, broilers or fryers",100,215,15.0,4.3,75,0,18.6,0.0,0.0,0.0,No,No,No,Yes
"Caribou, raw (Alaska Native), hind quarter meat",100,122,3.4,1.3,81,0,22.63,0.0,0.0,0.0,No,No,Yes,Yes
"Chicken, raw, separable fat, broilers or fryers",100,629,68.0,20.0,58,0,3.73,0.0,0.0,0.0,No,No,No,Yes
"Lamb, raw, lungs, variety meats and by-products",100,95,2.6,0.9,0,0,16.7,0.0,0.0,0.0,No,No,Yes,Yes
"Veal, raw, lungs, variety meats and by-products",100,90,2.3,0.8,229,0,16.3,0.0,0.0,0.0,No,No,Yes,Yes
"Veal, raw, liver, variety meats and by-products",100,140,4.9,1.6,334,0,19.93,2.91,0.0,0.0,No,No,Yes,Yes
"Plums, with added sugar, stewed, dried (prunes)",100,124,0.2,0.0,0,0,1.09,32.88,3.8,0.0,Yes,Yes,Yes,No
"Lamb, raw, brain, variety meats and by-products",100,122,8.6,2.2,1352,0,10.4,0.0,0.0,0.0,No,No,Yes,Yes
"Veal, raw, brain, variety meats and by-products",100,118,8.2,1.9,1590,0,10.32,0.0,0.0,0.0,No,No,Yes,Yes
"Fish, raw, flatfish (flounder and sole species)",100,70,1.9,0.4,45,0,12.41,0.0,0.0,0.0,No,No,Yes,Yes
"Elk, raw (Shoshone Bannock), ground, free range",100,97,1.8,0.7,0,0,20.14,0.0,0.0,0.0,Yes,Yes,Yes,Yes
"Beef, raw, tripe, variety meats and by-products",100,85,3.7,1.3,122,0,12.07,0.0,0.0,0.0,No,No,Yes,Yes
"Beef, raw, heart, variety meats and by-products",100,112,3.9,1.4,124,0,17.72,0.14,0.0,0.0,No,No,Yes,Yes
"Beef, raw, liver, variety meats and by-products",100,135,3.6,1.2,275,0,20.36,3.89,0.0,0.0,No,No,Yes,Yes
"Chicken, raw, meat and skin, cornish game hens",100,200,14.0,3.9,101,0,17.15,0.0,0.0,0.0,No,No,Yes,No
"Babyfood, junior, banana and strawberry, fruit",100,109,0.4,0.1,0,0,0.71,25.78,1.4,19.29,Yes,Yes,Yes,No
"Beef, raw, suet, variety meats and by-products",100,854,94.0,52.0,68,0,1.5,0.0,0.0,0.0,No,No,Yes,Yes
"Caribou, half dried (Alaska Native), rump meat",100,255,5.2,1.6,141,0,52.06,0.0,0.0,0.0,No,No,Yes,Yes
"Oopah (tunicate), whole animal (Alaska Native)",100,67,2.2,0.0,0,0,11.7,0.0,0.0,0.0,Yes,Yes,Yes,Yes
"Prairie Turnips, raw (Northern Plains Indians)",100,156,0.4,0.0,0,0,2.62,35.67,8.0,0.82,Yes,Yes,Yes,No
"Turkey, raw, (light and dark), skin from whole",100,407,39.0,10.0,122,0,12.96,0.16,0.0,0.1,No,No,Yes,Yes
"Pasta, as purchased, plain, fresh-refrigerated",100,288,2.3,0.3,73,0,11.31,54.73,0.0,0.0,Yes,Yes,No,No
"Egg, glucose reduced, stabilized, dried, whole",100,615,44.0,13.0,2017,0,48.17,2.38,0.0,0.0,No,Yes,Yes,Yes
"Pork, raw or unheated, breakfast strips, cured",100,388,37.0,13.0,69,0,11.74,0.7,0.0,0.0,No,No,Yes,Yes
"Beef, raw or unheated, breakfast strips, cured",100,406,39.0,16.0,82,0,12.5,0.7,0.0,0.0,No,No,Yes,Yes
"Turkey, raw, meat only, from whole bird, thigh",100,108,2.5,0.7,79,0,21.28,0.15,0.0,0.1,No,No,Yes,Yes
"Egg, glucose reduced, stabilized, dried, white",100,357,0.3,0.1,0,0,84.08,4.51,0.0,0.0,No,Yes,Yes,Yes
"Turkey, raw, meat and skin, wing, retail parts",100,202,14.0,3.5,84,0,19.53,0.05,0.0,0.03,No,No,Yes,Yes
"Corn, yellow (Northern Plains Indians), dried",100,419,11.0,2.0,0,0,14.48,66.27,20.5,21.32,Yes,Yes,Yes,No
"Turkey, raw, meat and skin, wing, all classes",100,197,12.0,3.3,70,0,20.22,0.0,0.0,0.0,No,No,Yes,Yes
"Chicken, raw, meat only, light meat, roasting",100,109,1.6,0.4,57,0,22.2,0.0,0.0,0.0,No,No,Yes,Yes
"Fish, with skin (Alaska Native), raw, halibut",100,116,2.9,0.7,72,0,20.53,1.81,0.0,0.0,No,No,Yes,Yes
"Tortillas, whole wheat, ready-to-bake or -fry",100,310,9.8,4.9,0,0,9.76,45.89,9.8,2.44,Yes,Yes,No,No
"KELLOGG'S, Strawberry Strudel, Wafflers, EGGO",100,318,11.0,2.7,12,0,5.0,50.0,1.2,16.8,No,Yes,Yes,No
"Caribou, dried (Alaska Native), shoulder meat",100,271,3.7,1.6,164,0,59.38,0.0,0.0,0.0,No,No,Yes,Yes
"Beef, raw, lean only, strip steaks, grass-fed",100,117,2.7,1.0,55,0,23.07,0.0,0.0,0.0,No,No,Yes,Yes
"Squab, raw, light meat without skin, (pigeon)",100,134,4.5,1.2,90,0,21.76,0.0,0.0,0.0,No,No,Yes,Yes
"ARCHWAY Home Style Cookies, Strawberry Filled",100,400,13.0,5.2,6,0,4.35,65.92,2.2,31.76,Yes,Yes,Yes,No
"Chokecherries, pitted (Shoshone Bannock), raw",100,156,1.0,0.0,0,0,2.89,33.88,17.0,14.22,Yes,Yes,Yes,No
"Veal, raw, separable lean only, arm, shoulder",100,105,2.2,0.7,83,0,20.04,0.0,0.0,0.0,No,No,Yes,Yes
"Lamb, raw, ground lamb, imported, New Zealand",100,193,12.0,4.8,63,0,20.33,0.0,0.0,0.0,No,No,Yes,Yes
"Turkey, raw, meat only, from whole bird, wing",100,114,1.5,0.3,57,0,23.66,0.14,0.0,0.05,No,No,Yes,Yes
"Seeds, dried, pumpkin and squash seed kernels",100,559,49.0,8.7,0,0,30.23,10.71,6.0,1.4,Yes,Yes,Yes,No
"Turkey, raw, meat only, breast, retail parts",100,114,2.3,0.3,53,0,23.34,0.0,0.0,0.0,No,No,Yes,Yes
"Tomatoes, year round average, raw, ripe, red",100,18,0.2,0.0,0,0,0.88,3.89,1.2,2.63,Yes,Yes,Yes,Yes
"Pork, raw, separable lean and fat, carcass, fresh",100,376,35.0,12.0,74,0,13.91,0.0,0.0,0.0,No,No,Yes,Yes
"Beef, raw, seam fat, grass-fed, imported, Australian",100,562,58.0,27.0,65,0,9.58,1.06,0.0,0.0,No,No,Yes,Yes
"Chicken, raw, meat and skin, back, broilers or fryers",100,319,29.0,8.3,79,0,14.05,0.0,0.0,0.0,No,No,No,Yes
"Chicken, raw, meat and skin, neck, broilers or fryers",100,297,26.0,7.3,99,0,14.07,0.0,0.0,0.0,No,No,No,Yes
"Pork, raw, separable lean and fat, whole, loin, fresh",100,198,13.0,4.4,63,0,19.74,0.0,0.0,0.0,No,No,Yes,Yes
"Nuts, not sweetened, dried (desiccated), coconut meat",100,660,65.0,57.0,0,0,6.88,23.65,16.3,7.35,No,No,Yes,No
"Lamb, raw, separable fat, fresh, imported, Australian",100,648,69.0,35.0,77,0,6.27,0.0,0.0,0.0,No,No,Yes,Yes
"Chicken, raw, meat and skin, wing, broilers or fryers",100,191,13.0,3.5,111,0,17.52,0.0,0.0,0.0,No,No,No,Yes
"Pork, raw, feet, variety meats and by-products, fresh",100,212,13.0,3.6,88,0,23.16,0.0,0.0,0.0,No,No,Yes,Yes
"Pork, raw, jowl, variety meats and by-products, fresh",100,655,70.0,25.0,90,0,6.38,0.0,0.0,0.0,No,No,Yes,Yes
"Corn flour, blue (harina de maiz morado), whole-grain",100,364,5.1,0.0,0,0,8.75,73.89,8.4,0.0,Yes,Yes,No,No
"Turkey, raw, from dark meat, from retail parts, skin",100,380,36.0,10.0,111,0,14.35,0.0,0.0,0.0,No,No,Yes,Yes
"Chicken, raw, meat and skin, leg, broilers or fryers",100,214,16.0,4.4,93,0,16.37,0.17,0.0,0.0,No,No,No,Yes
"SUNSHINE, Crackers (made with Whole Grain), CHEEZ-IT",100,511,27.0,6.1,1,0,10.7,58.2,4.3,0.5,Yes,Yes,Yes,No
"Poultry, raw, from mature hens, mechanically deboned",100,243,20.0,4.7,143,0,14.72,0.0,0.0,0.0,No,No,Yes,Yes
"Veal, raw, boneless, cutlet, cap off, top round, leg",100,107,2.1,0.8,56,0,22.07,0.0,0.0,0.0,No,No,Yes,Yes
"Beverages, Strawberry Banana, V8 SPLASH Juice Drinks",100,29,0.0,0.0,0,0,0.0,7.41,0.0,7.41,Yes,Yes,Yes,No
"Beef, raw, manufacturing beef, imported, New Zealand",100,119,3.7,1.7,49,0,21.23,0.23,0.0,0.0,No,No,Yes,Yes
"Veal, raw, separable lean only, blade chop, shoulder",100,110,2.9,1.1,60,0,19.6,0.0,0.0,0.0,No,No,Yes,Yes
"Lamb, raw, external fat, fresh, imported, Australian",100,487,49.0,24.0,71,0,12.59,0.0,0.0,0.0,No,No,Yes,Yes
"Chokecherries, pitted (Northern Plains Indians), raw",100,162,1.7,0.0,0,0,3.04,33.62,20.0,9.37,Yes,Yes,Yes,No
"Apples, without added sugar, stewed, sulfured, dried",100,57,0.1,0.0,0,0,0.22,15.32,2.0,13.32,Yes,Yes,Yes,No
"HORMEL ALWAYS TENDER, Fresh Pork, Boneless Pork Loin",100,145,7.2,2.8,49,0,19.02,0.76,0.0,0.08,No,No,Yes,Yes
"Fruit juice smoothie, strawberry banana, NAKED JUICE",100,50,0.3,0.1,0,0,0.48,11.66,0.6,10.05,Yes,Yes,Yes,No
"PEPPERIDGE FARM, Whole Grain Honey Whole Wheat Bread",100,263,3.5,0.9,1,0,0.01,47.7,9.8,8.1,Yes,Yes,No,No
"Cereals ready-to-eat, QUAKER WHOLE HEARTS oat cereal",100,376,5.6,0.8,0,0,7.63,80.1,9.1,21.53,Yes,Yes,Yes,No
"Lamb, raw, tongue - swiss cut, imported, New Zealand",100,225,19.0,5.9,88,0,14.27,0.0,0.0,0.0,No,No,Yes,Yes
"UDI'S, Soft & Hearty Whole Grain Bread, Gluten Free",100,309,9.3,0.3,0,0,7.25,49.09,4.9,9.81,Yes,Yes,No,No
"PEPPERIDGE FARM, Whole Grain 100% Whole Wheat Bread",100,263,3.5,0.7,1,0,0.01,47.2,9.3,7.4,Yes,Yes,No,No
"Pork loin, lean only, raw, bone-in, backribs, fresh",100,172,9.8,3.5,66,0,20.85,0.0,0.0,0.0,No,No,Yes,Yes
"Beef, raw, intermuscular fat, imported, New Zealand",100,602,64.0,29.0,104,0,6.97,0.01,0.0,0.0,No,No,Yes,Yes
"Apricots, with added sugar, stewed, sulfured, dried",100,113,0.2,0.0,0,0,1.17,29.26,4.1,0.0,Yes,Yes,Yes,No
"Seal, dried (Alaska Native), meat, bearded (Oogruk)",100,351,2.3,0.6,0,0,82.6,0.0,0.0,0.0,No,No,Yes,Yes
"Pork, raw, separable lean and fat, spareribs, fresh",100,277,23.0,7.5,80,0,15.47,0.0,0.0,0.0,No,No,Yes,Yes
"Pears, without added sugar, stewed, sulfured, dried",100,127,0.3,0.0,0,0,0.91,33.81,6.4,27.41,Yes,Yes,Yes,No
"Lamb, raw, Intermuscular fat, imported, New Zealand",100,640,69.0,31.0,75,0,4.63,1.26,0.0,0.0,No,No,Yes,Yes
"Turkey, roasted, meat only, from whole bird, breast",100,147,2.1,0.6,80,0,30.13,0.0,0.0,0.0,No,No,Yes,Yes
"Turkey, raw, meat and skin, drumstick, retail parts",100,141,6.8,1.9,82,0,19.96,0.0,0.0,0.0,No,No,Yes,Yes
"Veal, raw, pancreas, variety meats and by-products",100,182,13.0,4.5,173,0,15.0,0.0,0.0,0.0,No,No,Yes,Yes
"Lamb, raw, pancreas, variety meats and by-products",100,152,9.8,4.4,260,0,14.84,0.0,0.0,0.0,No,No,Yes,Yes
"Grapefruit, all areas, pink and red and white, raw",100,32,0.1,0.0,0,0,0.63,8.08,1.1,6.98,Yes,Yes,Yes,Yes
"Bread, toasted (includes whole-grain), multi-grain",100,288,4.6,0.9,0,0,14.52,47.11,8.1,6.94,Yes,Yes,No,No
"Beverages, Strawberry Kiwi, V8 SPLASH Juice Drinks",100,29,0.0,0.0,0,0,0.0,7.41,0.0,7.41,Yes,Yes,Yes,Yes
"Beef, raw, pancreas, variety meats and by-products",100,235,19.0,6.4,205,0,15.7,0.0,0.0,0.0,No,No,Yes,Yes
"Veal, raw, separable lean and fat, leg (top round)",100,117,3.1,1.2,78,0,20.98,0.0,0.0,0.0,No,No,Yes,Yes
"Pork, raw, separable lean and fat, backribs, fresh",100,224,16.0,5.8,69,0,19.07,0.0,0.0,0.0,No,No,Yes,Yes
"Turkey, roasted, meat only, from whole bird, thigh",100,165,6.0,1.8,128,0,27.71,0.0,0.0,0.0,No,No,Yes,Yes
"Turkey, raw, with added solution, meat only, whole",100,105,2.4,0.5,61,0,20.87,0.14,0.0,0.06,No,No,Yes,Yes
"HORMEL ALWAYS TENDER, Fresh Pork, Center Cut Chops",100,167,9.6,3.6,52,0,18.74,0.84,0.0,0.28,No,No,Yes,Yes
"Beef, raw, select, separable lean and fat, carcass",100,278,23.0,9.2,74,0,17.48,0.0,0.0,0.0,No,No,Yes,Yes
"Beef, raw, choice, separable lean and fat, carcass",100,291,24.0,9.8,74,0,17.32,0.0,0.0,0.0,No,No,Yes,Yes
"Plums, without added sugar, stewed, dried (prunes)",100,107,0.2,0.0,0,0,0.96,28.08,3.1,24.98,Yes,Yes,Yes,No
"Pork, raw, separable lean only, whole, loin, fresh",100,143,5.7,2.0,59,0,21.43,0.0,0.0,0.0,No,No,Yes,Yes
"Mushroom, raw, exposed to ultraviolet light, white",100,22,0.3,0.1,0,0,3.09,3.26,1.0,1.98,Yes,Yes,Yes,Yes
"Leeks, freeze-dried, (bulb and lower-leaf portion)",100,321,2.1,0.3,0,0,15.2,74.65,10.4,0.0,Yes,Yes,Yes,No
"Beef, raw, subcutaneous fat, imported, New Zealand",100,685,72.0,32.0,64,0,8.5,0.0,0.0,0.0,No,No,Yes,Yes
"Peaches, with added sugar, stewed, sulfured, dried",100,103,0.2,0.0,0,0,1.06,26.6,2.4,0.0,Yes,Yes,Yes,No
"Lamb, raw,  85% lean / 15% fat, ground, Australian",100,255,21.0,9.9,73,0,17.14,0.0,0.0,0.0,No,No,Yes,Yes
"Lamb, raw, subcutaneous fat, imported, New Zealand",100,703,76.0,32.0,78,0,3.87,0.55,0.0,0.0,No,No,Yes,Yes
"Turkey, raw, meat only, from whole bird, drumstick",100,109,1.5,0.3,57,0,23.66,0.14,0.0,0.05,No,No,Yes,Yes
"School Lunch, whole grain breaded, chicken nuggets",100,270,13.0,2.8,50,0,15.67,22.86,2.2,0.49,No,No,No,No
"Chicken, raw, meat only, back, broilers or fryers",100,137,5.9,1.5,81,0,19.56,0.0,0.0,0.0,No,No,No,Yes
"PEPPERIDGE FARM, Farmhouse 100% Whole Wheat Bread",100,269,4.8,1.3,1,0,0.01,46.1,7.7,7.21,Yes,Yes,No,No
"Cereals ready-to-eat, KASHI 7 Whole Grain Nuggets",100,356,2.8,0.6,0,0,11.8,81.0,11.7,5.0,Yes,Yes,Yes,No
"Cereals ready-to-eat, WEETABIX whole grain cereal",100,371,2.9,0.5,0,0,11.43,81.5,11.4,5.71,Yes,Yes,Yes,No
"Turkey, roasted, skin from whole (light and dark)",100,459,39.0,11.0,177,0,23.94,0.57,0.0,0.0,No,No,Yes,Yes
"Lamb, raw, kidneys, variety meats and by-products",100,97,3.0,1.0,337,0,15.74,0.82,0.0,0.0,No,No,Yes,Yes
"Veal, raw, kidneys, variety meats and by-products",100,99,3.1,1.0,364,0,15.76,0.85,0.0,0.0,No,No,Yes,Yes
"Fish, raw (Alaska Native), king (chinook), salmon",100,187,12.0,1.9,61,0,20.25,0.0,0.0,0.0,No,No,Yes,Yes
"Turkey, roasted, meat only, from whole bird, back",100,173,6.0,1.8,128,0,27.71,0.0,0.0,0.0,No,No,Yes,Yes
"Lima beans, raw, mature seeds, thin seeded (baby)",100,335,0.9,0.2,0,0,20.62,62.83,20.6,8.32,Yes,Yes,Yes,No
"Apples, with added sugar, stewed, sulfured, dried",100,83,0.1,0.0,0,0,0.2,20.73,1.9,0.0,Yes,Yes,Yes,No
"Seal, raw (Alaska Native), meat, bearded (Oogruk)",100,110,0.4,0.0,100,0,26.7,0.0,0.0,0.0,No,No,Yes,Yes
"Chicken, raw, meat only, neck, broilers or fryers",100,154,8.8,2.3,83,0,17.55,0.0,0.0,0.0,No,No,No,Yes
"Rice, unenriched, raw, regular, long-grain, white",100,365,0.7,0.2,0,0,7.13,79.95,1.3,0.12,Yes,Yes,Yes,No
"Beverages, Strawberry Banana, V8 SPLASH Smoothies",100,37,0.0,0.0,0,0,1.22,8.16,0.0,7.35,Yes,Yes,Yes,No
"Chicken, raw, meat only, wing, broilers or fryers",100,126,3.5,0.9,57,0,21.97,0.0,0.0,0.0,No,No,No,Yes
"Beef, raw, kidneys, variety meats and by-products",100,99,3.1,0.9,411,0,17.4,0.29,0.0,0.0,No,No,Yes,Yes
"Turkey from whole, raw, meat and skin, light meat",100,161,7.4,1.9,67,0,21.96,0.15,0.0,0.06,No,No,Yes,Yes
"Turkey, roasted, with added solution, meat only, whole",100,140,3.7,1.1,84,0,26.61,0.0,0.0,0.0,No,No,Yes,Yes
"Veal, raw, separable fat, composite of trimmed retail cuts",100,638,68.0,33.0,73,0,6.02,0.0,0.0,0.0,No,No,Yes,Yes
"Chicken, raw, meat and skin, drumstick, broilers or fryers",100,161,9.2,2.5,92,0,18.08,0.11,0.0,0.0,No,No,No,Yes
"Beef, raw, all grades, separable lean only, whole, brisket",100,155,7.4,2.6,62,0,20.72,0.0,0.0,0.0,No,No,Yes,Yes
"Turkey, roasted, with added solution, meat and skin, whole",100,176,8.0,2.3,91,0,26.09,0.0,0.0,0.0,No,No,Yes,Yes
"Pork, raw, separable lean and fat, whole, leg (ham), fresh",100,245,19.0,6.5,73,0,17.43,0.0,0.0,0.0,No,No,Yes,Yes
"Strawberries, solids and liquids, heavy syrup pack, canned",100,92,0.3,0.0,0,0,0.56,23.53,1.7,21.83,Yes,Yes,Yes,No
"Chicken, raw, meat and skin and giblets and neck, roasting",100,213,15.0,4.4,86,0,17.09,0.09,0.0,0.0,No,No,Yes,Yes
"Chicken, raw, and giblets and neck, meat and skin, stewing",100,251,20.0,5.5,87,0,17.48,0.19,0.0,0.0,No,No,Yes,Yes
"Pork, raw, separable lean and fat, boneless, Leg Cap Steak",100,123,3.4,1.2,63,0,21.64,0.0,0.0,0.0,No,No,Yes,Yes
"Toaster Pastries, Strawberry, KELLOGG'S POP TARTS, KELLOGG",100,398,11.0,2.9,0,0,4.7,71.1,1.1,33.0,Yes,Yes,Yes,No
"Chicken, raw, meat and skin, dark meat, broilers or fryers",100,237,18.0,5.3,81,0,16.69,0.0,0.0,0.0,No,No,No,Yes
"Beef, raw, select, separable lean and fat, chuck for stew",100,124,4.0,1.7,66,0,21.9,0.21,0.0,0.0,No,No,Yes,Yes
"Beef, raw, choice, separable lean and fat, chuck for stew",100,130,4.8,2.0,63,0,21.64,0.12,0.0,0.0,No,No,Yes,Yes
"Pork, raw, separable lean and fat, whole, shoulder, fresh",100,236,18.0,6.2,71,0,17.18,0.0,0.0,0.0,No,No,Yes,Yes
"Corn, drained solids, whole kernel, canned, yellow, sweet",100,67,1.2,0.2,0,0,2.29,14.34,2.0,4.44,Yes,Yes,Yes,No
"Pork, unheated, separable lean and fat, whole, ham, cured",100,246,19.0,6.6,56,0,18.49,0.06,0.0,0.0,No,No,Yes,Yes
"Beef, raw,  external fat, grass-fed, imported, Australian",100,509,51.0,23.0,66,0,11.32,0.39,0.0,0.0,No,No,Yes,Yes
"Beef, raw, choice, separable lean and fat, shortribs, rib",100,388,36.0,16.0,76,0,14.4,0.0,0.0,0.0,No,No,Yes,Yes
"Lettuce, raw, butterhead (includes boston and bibb types)",100,13,0.2,0.0,0,0,1.35,2.23,1.1,0.94,Yes,Yes,Yes,Yes
"Onions, raw, spring or scallions (includes tops and bulb)",100,32,0.2,0.0,0,0,1.83,7.34,2.6,2.33,Yes,Yes,Yes,Yes
"Babyfood, dry fortified, with apples, whole wheat, cereal",100,402,4.8,0.6,0,0,12.6,77.2,12.2,22.2,Yes,Yes,No,No
"Pork, raw, pancreas, variety meats and by-products, fresh",100,199,13.0,4.6,193,0,18.56,0.0,0.0,0.0,No,No,Yes,Yes
"Pork, raw, leaf fat, variety meats and by-products, fresh",100,857,94.0,45.0,110,0,1.76,0.0,0.0,0.0,No,No,Yes,Yes
"Veal, raw, separable lean and fat, shank (fore and hind)",100,113,3.5,1.1,75,0,19.15,0.0,0.0,0.0,No,No,Yes,Yes
"Corn, drained solids, whole kernel, canned, white, sweet",100,71,1.4,0.2,0,0,2.32,15.06,2.3,2.42,Yes,Yes,Yes,No
"Chicken, raw, meat and skin and giblets and neck, capons",100,232,17.0,4.9,87,0,18.51,0.08,0.0,0.0,No,No,Yes,Yes
"Pork, raw, stomach, variety meats and by-products, fresh",100,159,10.0,4.0,223,0,16.85,0.0,0.0,0.0,No,No,Yes,Yes
"Pork, raw, kidneys, variety meats and by-products, fresh",100,100,3.3,1.0,319,0,16.46,0.0,0.0,0.0,No,No,Yes,Yes
"Mushrooms, raw, exposed to ultraviolet light, portabella",100,22,0.4,0.1,0,0,2.11,3.87,1.3,2.5,Yes,Yes,Yes,Yes
"Fruit juice smoothie, strawberry banana, BOLTHOUSE FARMS",100,52,0.3,0.1,0,0,0.44,12.37,0.6,10.33,Yes,Yes,Yes,No
"Beverages, Diet Strawberry Kiwi, V8 SPLASH Juice Drinks",100,4,0.0,0.0,0,0,0.0,1.26,0.0,0.84,Yes,Yes,Yes,Yes
"Chicken, raw, meat and skin, breast, broilers or fryers",100,172,9.3,2.7,64,0,20.85,0.0,0.0,0.0,No,No,No,Yes
"Pork, raw, separable lean only, whole, leg (ham), fresh",100,136,5.4,1.9,68,0,20.48,0.0,0.0,0.0,No,No,Yes,Yes
"Pork, raw, spleen, variety meats and by-products, fresh",100,100,2.6,0.9,363,0,17.86,0.0,0.0,0.0,No,No,Yes,Yes
"Game meat, raw, composite of cuts, domesticated, rabbit",100,136,5.6,1.7,57,0,20.05,0.0,0.0,0.0,No,No,Yes,Yes
"Pork, raw, separable lean only, tenderloin, loin, fresh",100,109,2.2,0.7,65,0,20.95,0.0,0.0,0.0,No,No,Yes,Yes
"Pork, raw, tongue, variety meats and by-products, fresh",100,225,17.0,6.0,101,0,16.3,0.0,0.0,0.0,No,No,Yes,Yes
"Cranberry, raw (Alaska Native), low bush or lingenberry",100,55,0.5,0.0,0,0,0.4,12.2,0.0,0.0,Yes,Yes,Yes,No
"Veal, raw, separable lean and fat, blade chop, shoulder",100,148,7.6,2.7,62,0,18.72,0.03,0.0,0.0,No,No,Yes,Yes
"Chicken, raw, meat only, light meat, broilers or fryers",100,114,1.7,0.4,58,0,23.2,0.0,0.0,0.0,No,No,No,Yes
"Pork, raw, separable lean only, whole, shoulder, fresh",100,148,7.1,2.5,67,0,19.55,0.0,0.0,0.0,No,No,Yes,Yes
"Chicken, raw, meat and skin, thigh, broilers or fryers",100,221,17.0,4.5,98,0,16.52,0.25,0.0,0.0,No,No,No,Yes
"Rolls, calcium-fortified, whole grain white, hamburger",100,255,3.5,1.2,0,0,9.3,46.5,2.3,9.3,No,No,Yes,No
"Pork, unheated, separable lean only, whole, ham, cured",100,147,5.7,1.9,52,0,22.32,0.05,0.0,0.0,No,No,Yes,Yes
"Pork, raw, brain, variety meats and by-products, fresh",100,127,9.2,2.1,2195,0,10.28,0.0,0.0,0.0,No,No,Yes,Yes
"Babyfood, dry fortified, Multigrain whole grain cereal",100,405,6.3,1.1,0,0,6.25,80.89,6.7,12.5,Yes,Yes,Yes,No
"Beef, raw, choice, separable lean only, shortribs, rib",100,173,10.0,4.3,59,0,19.05,0.0,0.0,0.0,No,No,Yes,Yes
"Pork, raw, liver, variety meats and by-products, fresh",100,134,3.7,1.2,301,0,21.39,2.47,0.0,0.0,No,No,Yes,Yes
"Pork, raw, lungs, variety meats and by-products, fresh",100,85,2.7,1.0,320,0,14.08,0.0,0.0,0.0,No,No,Yes,Yes
"Crackers, whole wheat (includes multi-grain), saltines",100,398,11.0,0.0,0,0,7.14,68.25,6.7,0.0,Yes,Yes,No,No
"Apricots, without added sugar, stewed, sulfured, dried",100,85,0.2,0.0,0,0,1.2,22.15,2.6,19.57,Yes,Yes,Yes,No
"Turkey, raw, with added solution, meat and skin, whole",100,158,9.1,1.7,70,0,19.03,0.15,0.0,0.08,No,No,Yes,Yes
"Chicken, raw, meat only, dark meat, broilers or fryers",100,125,4.3,1.1,80,0,20.08,0.0,0.0,0.0,No,No,No,Yes
"Yogurt, 8 grams protein per 8 ounce, whole milk, plain",100,61,3.3,2.1,13,0,3.47,4.66,0.0,4.66,No,Yes,Yes,Yes
"Egg, glucose reduced, stabilized, flakes, dried, white",100,351,0.0,0.0,0,0,76.92,4.17,0.0,0.0,No,Yes,Yes,Yes
"Egg, glucose reduced, stabilized, powder, dried, white",100,376,0.0,0.0,0,0,82.4,4.47,0.0,0.0,No,Yes,Yes,Yes
"Pork, raw, heart, variety meats and by-products, fresh",100,118,4.4,1.2,131,0,17.27,1.33,0.0,0.0,No,No,Yes,Yes
"Cereals ready-to-eat, Whole Grain TOTAL, GENERAL MILLS",100,320,2.1,0.6,0,0,8.4,74.7,9.1,16.4,Yes,Yes,Yes,No
"Turkey, roasted, meat only, from whole bird, drumstick",100,139,2.1,0.6,80,0,30.13,0.0,0.0,0.0,No,No,Yes,Yes
"Wocas, yellow pond lily (Klamath), Oregon, dried seeds",100,361,1.1,0.1,0,0,7.9,80.02,19.2,0.43,Yes,Yes,Yes,No
"Veal, raw, separable lean only, shank (fore and hind)",100,108,2.8,0.7,75,0,19.28,0.0,0.0,0.0,No,No,Yes,Yes
"Walrus, meat and subcutaneous fat raw (Alaska Native)",100,282,24.0,0.0,0,0,16.3,0.0,0.0,0.0,No,No,Yes,Yes
"Grapefruit, California and Arizona, pink and red, raw",100,37,0.1,0.0,0,0,0.5,9.69,0.0,0.0,Yes,Yes,Yes,Yes
"Turkey, raw, from turkey frames, mechanically deboned",100,201,16.0,5.3,95,0,13.29,0.0,0.0,0.0,No,No,Yes,Yes
"Pork, raw, tail, variety meats and by-products, fresh",100,378,34.0,12.0,97,0,17.75,0.0,0.0,0.0,No,No,Yes,Yes
"Peaches, without added sugar, stewed, sulfured, dried",100,77,0.3,0.0,0,0,1.16,19.69,2.7,16.99,Yes,Yes,Yes,No
"Pork, roasted, separable lean only, whole, ham, cured",100,157,5.5,1.8,55,0,25.05,0.0,0.0,0.0,No,No,Yes,Yes
"Cereals ready-to-eat, KASHI 7 Whole Grain Honey Puffs",100,349,1.8,0.4,0,0,10.0,79.0,6.0,21.8,Yes,Yes,Yes,No
"Nuts, shredded, sweetened, dried (desiccated), coconut meat",100,501,35.0,31.0,0,0,2.88,47.67,4.5,43.17,No,No,Yes,No
"Pork, raw, separable lean and fat, boneless, Shoulder breast",100,127,3.4,1.1,60,0,22.54,0.0,0.0,0.0,No,No,Yes,Yes
"Pork, raw, separable lean only, shank half, leg (ham), fresh",100,119,3.0,0.9,66,0,21.66,0.0,0.0,0.0,No,No,Yes,Yes
"Beef, raw, separable lean only, striploin, imported, New Zealand",100,150,7.0,2.5,54,0,20.93,0.74,0.0,0.0,No,No,Yes,Yes
"Game meat, raw, separable lean only, shoulder clod, chuck, bison",100,119,3.2,1.3,64,0,21.12,0.0,0.0,0.0,No,No,Yes,Yes
"Beef, raw, separable lean only, hind shin, imported, New Zealand",100,114,3.1,0.9,56,0,21.46,0.0,0.0,0.0,No,No,Yes,Yes
"Veal, raw, separable lean only, bone-in, hind, shank, Australian",100,122,4.5,1.7,59,0,20.37,0.0,0.0,0.0,No,No,Yes,Yes
"Seeds, from raw and stone ground kernels, tahini, sesame butter",100,570,48.0,6.7,0,0,17.81,26.19,9.3,0.0,Yes,Yes,Yes,No
"Pork, raw, separable lean and fat, shank half, leg (ham), fresh",100,193,12.0,3.9,67,0,19.87,0.0,0.0,0.0,No,No,Yes,Yes
"Veal, raw, separable lean only, whole (arm and blade), shoulder",100,112,3.0,0.9,86,0,19.79,0.0,0.0,0.0,No,No,Yes,Yes
"Chicken, raw, with added solution, skin (drumsticks and thighs)",100,386,38.0,11.0,113,0,11.11,0.01,0.0,0.0,No,No,Yes,Yes
